mean_fit_time,std_fit_time,mean_score_time,std_score_time,param_subsample,param_reg_lambda,param_reg_alpha,param_n_estimators,param_min_child_weight,param_max_depth,param_learning_rate,param_gamma,param_colsample_bytree,params,split0_test_score,split1_test_score,split2_test_score,split3_test_score,split4_test_score,mean_test_score,std_test_score,rank_test_score,experiment
0.5690999984741211,0.025638548665803312,0.02484135627746582,0.004686170122337029,1.0,1.0,0.5,150,8,4,0.1,0.01,1.0,"{'subsample': 1.0, 'reg_lambda': 1.0, 'reg_alpha': 0.5, 'n_estimators': 150, 'min_child_weight': 8, 'max_depth': 4, 'learning_rate': 0.1, 'gamma': 0.01, 'colsample_bytree': 1.0}",-0.1147934857727676,-0.012971440526685335,-0.017879303455307798,-0.050621110854042375,-0.05612316851529635,-0.0504777018248199,0.03643566148147549,6,A_condition_based
1.019407320022583,0.030352165484004292,0.025771331787109376,0.003048384375493639,1.0,10.0,0.1,600,1,5,0.1,0.1,1.0,"{'subsample': 1.0, 'reg_lambda': 10.0, 'reg_alpha': 0.1, 'n_estimators': 600, 'min_child_weight': 1, 'max_depth': 5, 'learning_rate': 0.1, 'gamma': 0.1, 'colsample_bytree': 1.0}",-0.10980762942803317,-0.013510855580190568,-0.021687150632375134,-0.04920492346419286,-0.05288368788292004,-0.049418849397542354,0.03381504623682976,3,A_condition_based
0.5520042896270752,0.01730944740900955,0.010431146621704102,0.003024577149528297,0.85,3.0,0.1,150,8,5,0.08,0.05,1.0,"{'subsample': 0.85, 'reg_lambda': 3.0, 'reg_alpha': 0.1, 'n_estimators': 150, 'min_child_weight': 8, 'max_depth': 5, 'learning_rate': 0.08, 'gamma': 0.05, 'colsample_bytree': 1.0}",-0.12051294139014099,-0.012869945876992438,-0.017924077242768496,-0.05450190240825326,-0.054393872482410795,-0.0520405478801132,0.03846643915369542,11,A_condition_based
2.4290851593017577,0.06086868123487373,0.010174226760864259,0.0013908971066271245,1.0,1.0,0.01,150,1,5,0.05,0.0,1.0,"{'subsample': 1.0, 'reg_lambda': 1.0, 'reg_alpha': 0.01, 'n_estimators': 150, 'min_child_weight': 1, 'max_depth': 5, 'learning_rate': 0.05, 'gamma': 0.0, 'colsample_bytree': 1.0}",-0.13473150055552052,-0.011914496043354964,-0.017680171286825443,-0.055012728963379956,-0.05298879202606621,-0.05446553777502942,0.04383801847119702,15,A_condition_based
0.5573028087615967,0.04044545643535708,0.010941171646118164,0.0037503604759848083,1.0,10.0,0.01,250,1,2,0.1,0.01,1.0,"{'subsample': 1.0, 'reg_lambda': 10.0, 'reg_alpha': 0.01, 'n_estimators': 250, 'min_child_weight': 1, 'max_depth': 2, 'learning_rate': 0.1, 'gamma': 0.01, 'colsample_bytree': 1.0}",-0.13036609840783042,-0.014906986551800352,-0.023816072345327483,-0.06003809146692783,-0.05630181294697934,-0.05708581234377308,0.04065774188874493,20,A_condition_based
2.8704402446746826,0.17812484435198295,0.011320781707763673,0.0017161235400729587,0.7,1.0,0.01,250,5,5,0.1,0.0,1.0,"{'subsample': 0.7, 'reg_lambda': 1.0, 'reg_alpha': 0.01, 'n_estimators': 250, 'min_child_weight': 5, 'max_depth': 5, 'learning_rate': 0.1, 'gamma': 0.0, 'colsample_bytree': 1.0}",-0.12419366905645726,-0.011854795949292047,-0.016627611333732542,-0.05486983011105906,-0.052369686531577024,-0.051983118596423586,0.04020731353411411,10,A_condition_based
6.135775184631347,0.3058407722674994,0.0106231689453125,0.002042672931214678,0.85,10.0,0.01,600,3,5,0.05,0.0,0.8,"{'subsample': 0.85, 'reg_lambda': 10.0, 'reg_alpha': 0.01, 'n_estimators': 600, 'min_child_weight': 3, 'max_depth': 5, 'learning_rate': 0.05, 'gamma': 0.0, 'colsample_bytree': 0.8}",-0.11659745870702884,-0.011012739547354702,-0.017269030267442646,-0.053771635560863174,-0.05673306022258557,-0.05107678486105499,0.03763058960486892,7,A_condition_based
1.305140781402588,0.010539322415960888,0.009580278396606445,0.0007923845059712682,0.7,10.0,0.0,250,8,4,0.02,0.1,1.0,"{'subsample': 0.7, 'reg_lambda': 10.0, 'reg_alpha': 0.0, 'n_estimators': 250, 'min_child_weight': 8, 'max_depth': 4, 'learning_rate': 0.02, 'gamma': 0.1, 'colsample_bytree': 1.0}",-0.11217015424442914,-0.013592717474427458,-0.01976021429316618,-0.0495865206090023,-0.04950240169442407,-0.04892240166308982,0.03492756910427674,2,A_condition_based
1.0143903732299804,0.017641652902874935,0.01223459243774414,0.0018405547447205115,0.7,5.0,0.5,400,8,3,0.02,0.1,0.8,"{'subsample': 0.7, 'reg_lambda': 5.0, 'reg_alpha': 0.5, 'n_estimators': 400, 'min_child_weight': 8, 'max_depth': 3, 'learning_rate': 0.02, 'gamma': 0.1, 'colsample_bytree': 0.8}",-0.11246723369814682,-0.012050030967537585,-0.022419941041904187,-0.05126516458780879,-0.050979466167884874,-0.049836367292656454,0.03494407304447924,4,A_condition_based
1.2580437183380127,0.06086211847610445,0.013215732574462891,0.004383308507872072,1.0,10.0,0.01,150,8,4,0.02,0.01,1.0,"{'subsample': 1.0, 'reg_lambda': 10.0, 'reg_alpha': 0.01, 'n_estimators': 150, 'min_child_weight': 8, 'max_depth': 4, 'learning_rate': 0.02, 'gamma': 0.01, 'colsample_bytree': 1.0}",-0.10137105314669081,-0.014148920822758655,-0.020330490513668267,-0.04927849449652927,-0.05406481585780792,-0.04783875496749098,0.030978228388431735,1,A_condition_based
0.9605183124542236,0.03768580535974256,0.009743452072143555,0.001148055654778136,0.7,1.0,0.5,600,3,2,0.05,0.05,1.0,"{'subsample': 0.7, 'reg_lambda': 1.0, 'reg_alpha': 0.5, 'n_estimators': 600, 'min_child_weight': 3, 'max_depth': 2, 'learning_rate': 0.05, 'gamma': 0.05, 'colsample_bytree': 1.0}",-0.13079267596655939,-0.014039923737981285,-0.02146377754231732,-0.0592128916066037,-0.055141940681588904,-0.056130241907010124,0.04137225438212839,19,A_condition_based
0.40700554847717285,0.030487425101454833,0.008131170272827148,0.0007264099237433362,0.7,3.0,0.5,250,8,2,0.05,0.01,0.6,"{'subsample': 0.7, 'reg_lambda': 3.0, 'reg_alpha': 0.5, 'n_estimators': 250, 'min_child_weight': 8, 'max_depth': 2, 'learning_rate': 0.05, 'gamma': 0.01, 'colsample_bytree': 0.6}",-0.12611739998604576,-0.013706915579259436,-0.01976041485026736,-0.056717529750809646,-0.05928210655426804,-0.05511687334413005,0.040064572408483455,17,A_condition_based
0.2851309299468994,0.009335386604076179,0.011306381225585938,0.003654215064929274,1.0,1.0,0.0,150,5,3,0.05,0.1,0.6,"{'subsample': 1.0, 'reg_lambda': 1.0, 'reg_alpha': 0.0, 'n_estimators': 150, 'min_child_weight': 5, 'max_depth': 3, 'learning_rate': 0.05, 'gamma': 0.1, 'colsample_bytree': 0.6}",-0.12622549849990675,-0.010065708479260771,-0.021251720708437616,-0.056118160622587995,-0.04944352691259233,-0.0526209230445571,0.040583083142417084,12,A_condition_based
1.1343031406402588,0.021553216598741456,0.009868431091308593,0.003711850907195688,0.7,10.0,0.01,150,5,5,0.05,0.01,0.8,"{'subsample': 0.7, 'reg_lambda': 10.0, 'reg_alpha': 0.01, 'n_estimators': 150, 'min_child_weight': 5, 'max_depth': 5, 'learning_rate': 0.05, 'gamma': 0.01, 'colsample_bytree': 0.8}",-0.11854485586725866,-0.013007572094254237,-0.018449914998426114,-0.050433005468723945,-0.05101786832518953,-0.05029064335077049,0.03758469378273084,5,A_condition_based
0.8144087314605712,0.026487283212041808,0.00782914161682129,0.0005292248557850013,1.0,5.0,0.01,400,3,2,0.05,0.01,0.8,"{'subsample': 1.0, 'reg_lambda': 5.0, 'reg_alpha': 0.01, 'n_estimators': 400, 'min_child_weight': 3, 'max_depth': 2, 'learning_rate': 0.05, 'gamma': 0.01, 'colsample_bytree': 0.8}",-0.12405553360742022,-0.014413555804867511,-0.0217405631672216,-0.05971480991706686,-0.0535556037022942,-0.05469601323977406,0.03884834613239194,16,A_condition_based
0.5048447132110596,0.0052296646788658864,0.009922409057617187,0.002425203905560755,0.85,1.0,0.0,150,1,3,0.02,0.0,0.6,"{'subsample': 0.85, 'reg_lambda': 1.0, 'reg_alpha': 0.0, 'n_estimators': 150, 'min_child_weight': 1, 'max_depth': 3, 'learning_rate': 0.02, 'gamma': 0.0, 'colsample_bytree': 0.6}",-0.11791385415660749,-0.011433681581564875,-0.02169049402742644,-0.05407394229869578,-0.051344839284530465,-0.051291362269765016,0.03717834893365684,8,A_condition_based
0.5196589946746826,0.010956790653269592,0.008794164657592774,0.0015643113852636234,1.0,10.0,0.01,150,8,3,0.1,0.0,0.8,"{'subsample': 1.0, 'reg_lambda': 10.0, 'reg_alpha': 0.01, 'n_estimators': 150, 'min_child_weight': 8, 'max_depth': 3, 'learning_rate': 0.1, 'gamma': 0.0, 'colsample_bytree': 0.8}",-0.12515714231673072,-0.011096464764270663,-0.02176318901380101,-0.0609733537544428,-0.057227603478662056,-0.05524355066558145,0.03998644074302586,18,A_condition_based
0.31536245346069336,0.005584555672691785,0.00970916748046875,0.0009682032767924948,1.0,3.0,0.1,150,5,2,0.05,0.01,0.8,"{'subsample': 1.0, 'reg_lambda': 3.0, 'reg_alpha': 0.1, 'n_estimators': 150, 'min_child_weight': 5, 'max_depth': 2, 'learning_rate': 0.05, 'gamma': 0.01, 'colsample_bytree': 0.8}",-0.12463132876547155,-0.01380233056462672,-0.023277094088395796,-0.05553294063530413,-0.05326629530162754,-0.05410199787108514,0.03886224489298632,13,A_condition_based
2.07970986366272,0.024240510041331747,0.011841917037963867,0.003975022305594921,0.85,5.0,0.1,400,8,4,0.05,0.0,0.6,"{'subsample': 0.85, 'reg_lambda': 5.0, 'reg_alpha': 0.1, 'n_estimators': 400, 'min_child_weight': 8, 'max_depth': 4, 'learning_rate': 0.05, 'gamma': 0.0, 'colsample_bytree': 0.6}",-0.13417499910975805,-0.011240062647739895,-0.017300073018334645,-0.05797124428367978,-0.051634203004047745,-0.05446411641271202,0.043871672230364,14,A_condition_based
1.9192218780517578,0.040515329106247056,0.0068533897399902345,0.0017581162000457743,1.0,10.0,0.0,250,5,4,0.05,0.0,1.0,"{'subsample': 1.0, 'reg_lambda': 10.0, 'reg_alpha': 0.0, 'n_estimators': 250, 'min_child_weight': 5, 'max_depth': 4, 'learning_rate': 0.05, 'gamma': 0.0, 'colsample_bytree': 1.0}",-0.11759962796313166,-0.012632563414922835,-0.020615491731645463,-0.052930805586268274,-0.055024877133929326,-0.05176067316597951,0.037007630309100197,9,A_condition_based
0.29730610847473143,0.00998797814443923,0.007921838760375976,0.0018928815882919246,1.0,1.0,0.5,150,8,4,0.1,0.01,1.0,"{'subsample': 1.0, 'reg_lambda': 1.0, 'reg_alpha': 0.5, 'n_estimators': 150, 'min_child_weight': 8, 'max_depth': 4, 'learning_rate': 0.1, 'gamma': 0.01, 'colsample_bytree': 1.0}",-0.04588664176485647,-0.02738833485551382,-0.03082786683203755,-0.08581848453142615,-0.07536861145454934,-0.05305798788767666,0.023560779437196474,18,B_current_based
0.6305612564086914,0.015535425361480408,0.007616567611694336,0.0022815151792693962,1.0,10.0,0.1,600,1,5,0.1,0.1,1.0,"{'subsample': 1.0, 'reg_lambda': 10.0, 'reg_alpha': 0.1, 'n_estimators': 600, 'min_child_weight': 1, 'max_depth': 5, 'learning_rate': 0.1, 'gamma': 0.1, 'colsample_bytree': 1.0}",-0.06504779554618183,-0.028193161295536496,-0.030792348325517867,-0.07482245368977948,-0.07110248405006123,-0.053991648581415384,0.02026184096377805,19,B_current_based
0.3636951923370361,0.01129109673615705,0.006068658828735351,0.0013272390202781015,0.85,3.0,0.1,150,8,5,0.08,0.05,1.0,"{'subsample': 0.85, 'reg_lambda': 3.0, 'reg_alpha': 0.1, 'n_estimators': 150, 'min_child_weight': 8, 'max_depth': 5, 'learning_rate': 0.08, 'gamma': 0.05, 'colsample_bytree': 1.0}",-0.06063793733042225,-0.023602599682767927,-0.027804843439143807,-0.07753938651033625,-0.07082361375600864,-0.05208167614373578,0.022239546984159735,15,B_current_based
1.3422377109527588,0.03642585296282881,0.008238792419433594,0.0013371809425253367,1.0,1.0,0.01,150,1,5,0.05,0.0,1.0,"{'subsample': 1.0, 'reg_lambda': 1.0, 'reg_alpha': 0.01, 'n_estimators': 150, 'min_child_weight': 1, 'max_depth': 5, 'learning_rate': 0.05, 'gamma': 0.0, 'colsample_bytree': 1.0}",-0.06640031420136476,-0.02461405951606949,-0.04108676923988343,-0.08270885338440181,-0.08212914617458295,-0.059387828503260486,0.023040644376132794,20,B_current_based
0.3837100028991699,0.008090726138175686,0.009323740005493164,0.0023636939839365594,1.0,10.0,0.01,250,1,2,0.1,0.01,1.0,"{'subsample': 1.0, 'reg_lambda': 10.0, 'reg_alpha': 0.01, 'n_estimators': 250, 'min_child_weight': 1, 'max_depth': 2, 'learning_rate': 0.1, 'gamma': 0.01, 'colsample_bytree': 1.0}",-0.032869030723043806,-0.03391764180367416,-0.031768460218846856,-0.06601336686192846,-0.07123469233540287,-0.047160638388579236,0.017615513624907972,1,B_current_based
1.679877233505249,0.053808273455001325,0.011371517181396484,0.0035443410747521523,0.7,1.0,0.01,250,5,5,0.1,0.0,1.0,"{'subsample': 0.7, 'reg_lambda': 1.0, 'reg_alpha': 0.01, 'n_estimators': 250, 'min_child_weight': 5, 'max_depth': 5, 'learning_rate': 0.1, 'gamma': 0.0, 'colsample_bytree': 1.0}",-0.053097429536990225,-0.01963384032046176,-0.03531409281010686,-0.08666531917091766,-0.06879205243672942,-0.052700546855041185,0.02369977084918196,17,B_current_based
3.751457452774048,0.06374950124446951,0.007226800918579102,0.0007272254989987136,0.85,10.0,0.01,600,3,5,0.05,0.0,0.8,"{'subsample': 0.85, 'reg_lambda': 10.0, 'reg_alpha': 0.01, 'n_estimators': 600, 'min_child_weight': 3, 'max_depth': 5, 'learning_rate': 0.05, 'gamma': 0.0, 'colsample_bytree': 0.8}",-0.04519182381208024,-0.025851404048809753,-0.028894219667420357,-0.07863222917897225,-0.06490911369345424,-0.04869575808014737,0.020422087023950597,7,B_current_based
0.8537737846374511,0.033769853737466146,0.00940704345703125,0.0028592334276736353,0.7,10.0,0.0,250,8,4,0.02,0.1,1.0,"{'subsample': 0.7, 'reg_lambda': 10.0, 'reg_alpha': 0.0, 'n_estimators': 250, 'min_child_weight': 8, 'max_depth': 4, 'learning_rate': 0.02, 'gamma': 0.1, 'colsample_bytree': 1.0}",-0.05508668069768027,-0.025478101890690486,-0.03046057392837282,-0.07291046621606109,-0.06295585294738631,-0.0493783351360382,0.01843799463297593,9,B_current_based
0.6528048515319824,0.015610084445871166,0.008086776733398438,0.0018167468231160338,0.7,5.0,0.5,400,8,3,0.02,0.1,0.8,"{'subsample': 0.7, 'reg_lambda': 5.0, 'reg_alpha': 0.5, 'n_estimators': 400, 'min_child_weight': 8, 'max_depth': 3, 'learning_rate': 0.02, 'gamma': 0.1, 'colsample_bytree': 0.8}",-0.05097633431729685,-0.02896813744344969,-0.03225434997299858,-0.0714135268260369,-0.06433085636323049,-0.04958864098460251,0.01685981648899401,10,B_current_based
0.731671667098999,0.03111929511746401,0.007811832427978516,0.0022742197529156886,1.0,10.0,0.01,150,8,4,0.02,0.01,1.0,"{'subsample': 1.0, 'reg_lambda': 10.0, 'reg_alpha': 0.01, 'n_estimators': 150, 'min_child_weight': 8, 'max_depth': 4, 'learning_rate': 0.02, 'gamma': 0.01, 'colsample_bytree': 1.0}",-0.049038795279358366,-0.028460441140050845,-0.03379608164412572,-0.07791897749262079,-0.06762213511060033,-0.05136728613335121,0.019016335470944366,13,B_current_based
0.6076125621795654,0.06331560904874366,0.0077933788299560545,0.0029316719861886345,0.7,1.0,0.5,600,3,2,0.05,0.05,1.0,"{'subsample': 0.7, 'reg_lambda': 1.0, 'reg_alpha': 0.5, 'n_estimators': 600, 'min_child_weight': 3, 'max_depth': 2, 'learning_rate': 0.05, 'gamma': 0.05, 'colsample_bytree': 1.0}",-0.034947713607485345,-0.033710967335126595,-0.02870627430461803,-0.07107126285701415,-0.06872318660307895,-0.04743188094146461,0.018476505742476314,2,B_current_based
0.23950986862182616,0.015337186332537408,0.006242704391479492,0.0020413154775689394,0.7,3.0,0.5,250,8,2,0.05,0.01,0.6,"{'subsample': 0.7, 'reg_lambda': 3.0, 'reg_alpha': 0.5, 'n_estimators': 250, 'min_child_weight': 8, 'max_depth': 2, 'learning_rate': 0.05, 'gamma': 0.01, 'colsample_bytree': 0.6}",-0.03997097973977664,-0.03286255101607683,-0.029688741247053188,-0.06964184271894984,-0.07419967358181002,-0.0492727576607333,0.018844640707361363,8,B_current_based
0.21314926147460939,0.012437938198568397,0.010568380355834961,0.006751196417414743,1.0,1.0,0.0,150,5,3,0.05,0.1,0.6,"{'subsample': 1.0, 'reg_lambda': 1.0, 'reg_alpha': 0.0, 'n_estimators': 150, 'min_child_weight': 5, 'max_depth': 3, 'learning_rate': 0.05, 'gamma': 0.1, 'colsample_bytree': 0.6}",-0.04712561728787143,-0.031362760303936726,-0.033871998338346344,-0.07016156857892628,-0.06896762699220993,-0.05029791430025814,0.016622497848936362,12,B_current_based
0.8045948505401611,0.016808040407808943,0.006439685821533203,0.000922114213629881,0.7,10.0,0.01,150,5,5,0.05,0.01,0.8,"{'subsample': 0.7, 'reg_lambda': 10.0, 'reg_alpha': 0.01, 'n_estimators': 150, 'min_child_weight': 5, 'max_depth': 5, 'learning_rate': 0.05, 'gamma': 0.01, 'colsample_bytree': 0.8}",-0.045840458726695406,-0.02529641576790729,-0.02882142810093807,-0.07821464108269047,-0.06317579451108946,-0.04826974763786414,0.02015340880069809,4,B_current_based
0.5768420219421386,0.01901317935555318,0.0070264339447021484,0.0016711175955265352,1.0,5.0,0.01,400,3,2,0.05,0.01,0.8,"{'subsample': 1.0, 'reg_lambda': 5.0, 'reg_alpha': 0.01, 'n_estimators': 400, 'min_child_weight': 3, 'max_depth': 2, 'learning_rate': 0.05, 'gamma': 0.01, 'colsample_bytree': 0.8}",-0.028214439652521316,-0.03632063890150166,-0.032315410438838156,-0.06889665405200075,-0.07591414358393417,-0.04833225732575921,0.019945925957828247,5,B_current_based
0.2954671859741211,0.006623226167011749,0.008045148849487305,0.0024858753156247926,0.85,1.0,0.0,150,1,3,0.02,0.0,0.6,"{'subsample': 0.85, 'reg_lambda': 1.0, 'reg_alpha': 0.0, 'n_estimators': 150, 'min_child_weight': 1, 'max_depth': 3, 'learning_rate': 0.02, 'gamma': 0.0, 'colsample_bytree': 0.6}",-0.04698346230287773,-0.02804152627089683,-0.04085545066918044,-0.07514657339906694,-0.06722814073726853,-0.0516510306758581,0.0172651459661848,14,B_current_based
0.2957760334014893,0.005989267004093705,0.005377626419067383,0.00035625763016775756,1.0,10.0,0.01,150,8,3,0.1,0.0,0.8,"{'subsample': 1.0, 'reg_lambda': 10.0, 'reg_alpha': 0.01, 'n_estimators': 150, 'min_child_weight': 8, 'max_depth': 3, 'learning_rate': 0.1, 'gamma': 0.0, 'colsample_bytree': 0.8}",-0.03912469315589616,-0.028125987305036005,-0.03026876270869819,-0.06809301302121655,-0.07155790860835044,-0.047434072959839466,0.018682864294605812,3,B_current_based
0.17078084945678712,0.004683120519284706,0.008354377746582032,0.005089664354245535,1.0,3.0,0.1,150,5,2,0.05,0.01,0.8,"{'subsample': 1.0, 'reg_lambda': 3.0, 'reg_alpha': 0.1, 'n_estimators': 150, 'min_child_weight': 5, 'max_depth': 2, 'learning_rate': 0.05, 'gamma': 0.01, 'colsample_bytree': 0.8}",-0.04881596291720458,-0.03565603410084198,-0.03379848146587659,-0.07447639064594302,-0.069931151282559,-0.05253560408248503,0.01693421716245941,16,B_current_based
1.1945247650146484,0.020734889594108335,0.008072519302368164,0.0019083011549508174,0.85,5.0,0.1,400,8,4,0.05,0.0,0.6,"{'subsample': 0.85, 'reg_lambda': 5.0, 'reg_alpha': 0.1, 'n_estimators': 400, 'min_child_weight': 8, 'max_depth': 4, 'learning_rate': 0.05, 'gamma': 0.0, 'colsample_bytree': 0.6}",-0.03719758952680545,-0.023428155556428836,-0.03131263224677768,-0.07654758614089285,-0.07346235872071696,-0.04838966443832436,0.02218771303286313,6,B_current_based
1.1049558162689208,0.03521333607727657,0.0057792186737060545,0.0015496026903801697,1.0,10.0,0.0,250,5,4,0.05,0.0,1.0,"{'subsample': 1.0, 'reg_lambda': 10.0, 'reg_alpha': 0.0, 'n_estimators': 250, 'min_child_weight': 5, 'max_depth': 4, 'learning_rate': 0.05, 'gamma': 0.0, 'colsample_bytree': 1.0}",-0.04120693059799867,-0.0255546408552042,-0.031848375245896315,-0.07832753239972111,-0.07313088754397691,-0.05001367332855944,0.021641909574111245,11,B_current_based
0.16811013221740723,0.009985767835203465,0.008413457870483398,0.0031245713257451956,1.0,1.0,0.5,150,8,4,0.1,0.01,1.0,"{'subsample': 1.0, 'reg_lambda': 1.0, 'reg_alpha': 0.5, 'n_estimators': 150, 'min_child_weight': 8, 'max_depth': 4, 'learning_rate': 0.1, 'gamma': 0.01, 'colsample_bytree': 1.0}",-0.14653827508383085,-0.016308809559964943,-0.02532630540601494,-0.04684734814513275,-0.05340891337817168,-0.05768593031462303,0.046453672307960804,7,C_vibration_based
0.3981322288513184,0.0053119161237952205,0.007283830642700195,0.001369637893865182,1.0,10.0,0.1,600,1,5,0.1,0.1,1.0,"{'subsample': 1.0, 'reg_lambda': 10.0, 'reg_alpha': 0.1, 'n_estimators': 600, 'min_child_weight': 1, 'max_depth': 5, 'learning_rate': 0.1, 'gamma': 0.1, 'colsample_bytree': 1.0}",-0.1209711396506301,-0.019605946309800792,-0.02573008502960697,-0.04787397225761698,-0.05682281932540223,-0.05420079251461141,0.03609035190866514,6,C_vibration_based
0.21832265853881835,0.005520217150935818,0.006398391723632812,0.002027834408353386,0.85,3.0,0.1,150,8,5,0.08,0.05,1.0,"{'subsample': 0.85, 'reg_lambda': 3.0, 'reg_alpha': 0.1, 'n_estimators': 150, 'min_child_weight': 8, 'max_depth': 5, 'learning_rate': 0.08, 'gamma': 0.05, 'colsample_bytree': 1.0}",-0.14783800251404847,-0.018740115365583294,-0.023939374244970058,-0.049138187382501856,-0.057407313775805435,-0.059412598656581814,0.04656444413724105,9,C_vibration_based
0.9628071308135986,0.04661022137961182,0.00704498291015625,0.001585586454164092,1.0,1.0,0.01,150,1,5,0.05,0.0,1.0,"{'subsample': 1.0, 'reg_lambda': 1.0, 'reg_alpha': 0.01, 'n_estimators': 150, 'min_child_weight': 1, 'max_depth': 5, 'learning_rate': 0.05, 'gamma': 0.0, 'colsample_bytree': 1.0}",-0.16106619211931966,-0.018977861890941184,-0.02747674127820397,-0.051849459900122824,-0.062468440341788264,-0.06436773910607518,0.05085684248863626,16,C_vibration_based
0.25030694007873533,0.014457650250274543,0.007979536056518554,0.0019395797357432383,1.0,10.0,0.01,250,1,2,0.1,0.01,1.0,"{'subsample': 1.0, 'reg_lambda': 10.0, 'reg_alpha': 0.01, 'n_estimators': 250, 'min_child_weight': 1, 'max_depth': 2, 'learning_rate': 0.1, 'gamma': 0.01, 'colsample_bytree': 1.0}",-0.16488329197417972,-0.021802820876395106,-0.02729946658287777,-0.06304566459959068,-0.06479949619642389,-0.06836614804589343,0.05140273024863518,20,C_vibration_based
1.0386781215667724,0.05127742423996334,0.006607770919799805,0.0020950666054059416,0.7,1.0,0.01,250,5,5,0.1,0.0,1.0,"{'subsample': 0.7, 'reg_lambda': 1.0, 'reg_alpha': 0.01, 'n_estimators': 250, 'min_child_weight': 5, 'max_depth': 5, 'learning_rate': 0.1, 'gamma': 0.0, 'colsample_bytree': 1.0}",-0.16344145295111145,-0.016074026609992822,-0.027984327903539934,-0.058864223080092454,-0.06254585463341168,-0.06578197703562967,0.05195236983912898,18,C_vibration_based
2.3095327854156493,0.1107609720968005,0.006988620758056641,0.0022950312393874434,0.85,10.0,0.01,600,3,5,0.05,0.0,0.8,"{'subsample': 0.85, 'reg_lambda': 10.0, 'reg_alpha': 0.01, 'n_estimators': 600, 'min_child_weight': 3, 'max_depth': 5, 'learning_rate': 0.05, 'gamma': 0.0, 'colsample_bytree': 0.8}",-0.16691126619055133,-0.014029767737070027,-0.026475805574376756,-0.05086986952582004,-0.052889622351112095,-0.06223526627578605,0.054361911998804205,14,C_vibration_based
0.4838565826416016,0.01815790428738911,0.006873798370361328,0.0023572962592131462,0.7,10.0,0.0,250,8,4,0.02,0.1,1.0,"{'subsample': 0.7, 'reg_lambda': 10.0, 'reg_alpha': 0.0, 'n_estimators': 250, 'min_child_weight': 8, 'max_depth': 4, 'learning_rate': 0.02, 'gamma': 0.1, 'colsample_bytree': 1.0}",-0.12962239850199694,-0.018653364974565937,-0.0232588726187899,-0.04577816185977328,-0.05233072032513316,-0.05392870365605183,0.03995874967182423,4,C_vibration_based
0.39644441604614256,0.019642573150667798,0.010733604431152344,0.007454457803121392,0.7,5.0,0.5,400,8,3,0.02,0.1,0.8,"{'subsample': 0.7, 'reg_lambda': 5.0, 'reg_alpha': 0.5, 'n_estimators': 400, 'min_child_weight': 8, 'max_depth': 3, 'learning_rate': 0.02, 'gamma': 0.1, 'colsample_bytree': 0.8}",-0.12968744080561484,-0.017388145503506505,-0.023392869404789244,-0.04402647381530799,-0.05000769395487799,-0.052900524696819315,0.04028691730835528,3,C_vibration_based
0.46375408172607424,0.02061453904947338,0.011986923217773438,0.007332577845528653,1.0,10.0,0.01,150,8,4,0.02,0.01,1.0,"{'subsample': 1.0, 'reg_lambda': 10.0, 'reg_alpha': 0.01, 'n_estimators': 150, 'min_child_weight': 8, 'max_depth': 4, 'learning_rate': 0.02, 'gamma': 0.01, 'colsample_bytree': 1.0}",-0.12434930074214495,-0.019035221902895413,-0.0230555490480369,-0.043866402632670325,-0.05958711877008915,-0.053978718619167344,0.03811304840674741,5,C_vibration_based
0.406752347946167,0.011674777087195087,0.007118988037109375,0.002847704174981167,0.7,1.0,0.5,600,3,2,0.05,0.05,1.0,"{'subsample': 0.7, 'reg_lambda': 1.0, 'reg_alpha': 0.5, 'n_estimators': 600, 'min_child_weight': 3, 'max_depth': 2, 'learning_rate': 0.05, 'gamma': 0.05, 'colsample_bytree': 1.0}",-0.14910322301810794,-0.0185100897575823,-0.02666362637950219,-0.05568058011439726,-0.06109085617434443,-0.06220967508878683,0.04640591523858829,13,C_vibration_based
0.18280811309814454,0.011647003927894662,0.006753349304199218,0.002834604125209368,0.7,3.0,0.5,250,8,2,0.05,0.01,0.6,"{'subsample': 0.7, 'reg_lambda': 3.0, 'reg_alpha': 0.5, 'n_estimators': 250, 'min_child_weight': 8, 'max_depth': 2, 'learning_rate': 0.05, 'gamma': 0.01, 'colsample_bytree': 0.6}",-0.16312695698725316,-0.017998111456202278,-0.02594152347631269,-0.05380534569866704,-0.0633961809771012,-0.06485362371910727,0.05194502323210525,17,C_vibration_based
0.12771205902099608,0.006964209765205373,0.004389333724975586,0.00018725610731306163,1.0,1.0,0.0,150,5,3,0.05,0.1,0.6,"{'subsample': 1.0, 'reg_lambda': 1.0, 'reg_alpha': 0.0, 'n_estimators': 150, 'min_child_weight': 5, 'max_depth': 3, 'learning_rate': 0.05, 'gamma': 0.1, 'colsample_bytree': 0.6}",-0.1334420693822514,-0.01476076620576088,-0.025744573119345145,-0.04230705293291233,-0.04751246942113564,-0.052753386212281074,0.042000409138836244,2,C_vibration_based
0.44326629638671877,0.013509089215279461,0.006125307083129883,0.0016171293620048331,0.7,10.0,0.01,150,5,5,0.05,0.01,0.8,"{'subsample': 0.7, 'reg_lambda': 10.0, 'reg_alpha': 0.01, 'n_estimators': 150, 'min_child_weight': 5, 'max_depth': 5, 'learning_rate': 0.05, 'gamma': 0.01, 'colsample_bytree': 0.8}",-0.15509039615180334,-0.01580627480454894,-0.024285826777546853,-0.047616885035670437,-0.05000711955539225,-0.05856130046499236,0.050027234322838995,8,C_vibration_based
0.3321068286895752,0.004280771815985536,0.006063699722290039,0.0013964108157077713,1.0,5.0,0.01,400,3,2,0.05,0.01,0.8,"{'subsample': 1.0, 'reg_lambda': 5.0, 'reg_alpha': 0.01, 'n_estimators': 400, 'min_child_weight': 3, 'max_depth': 2, 'learning_rate': 0.05, 'gamma': 0.01, 'colsample_bytree': 0.8}",-0.15715559837405693,-0.02245193745401424,-0.02830725494581783,-0.0575248894570466,-0.06478380339642023,-0.06604469672547117,0.048373167231572776,19,C_vibration_based
0.22372736930847167,0.02242886182140211,0.005065345764160156,0.0008118613071799285,0.85,1.0,0.0,150,1,3,0.02,0.0,0.6,"{'subsample': 0.85, 'reg_lambda': 1.0, 'reg_alpha': 0.0, 'n_estimators': 150, 'min_child_weight': 1, 'max_depth': 3, 'learning_rate': 0.02, 'gamma': 0.0, 'colsample_bytree': 0.6}",-0.12491269903357957,-0.013544035168543194,-0.025232218802082585,-0.04278850395492223,-0.044673251128389616,-0.05023014161750344,0.039075588125285686,1,C_vibration_based
0.20375709533691405,0.01108507289096717,0.004908609390258789,0.00026052758199748496,1.0,10.0,0.01,150,8,3,0.1,0.0,0.8,"{'subsample': 1.0, 'reg_lambda': 10.0, 'reg_alpha': 0.01, 'n_estimators': 150, 'min_child_weight': 8, 'max_depth': 3, 'learning_rate': 0.1, 'gamma': 0.0, 'colsample_bytree': 0.8}",-0.16765543644050007,-0.01797537812077792,-0.025405648798931205,-0.05305100094896613,-0.04585121610085794,-0.06198773608200666,0.054371411926280463,12,C_vibration_based
0.1369039535522461,0.009996415869331109,0.007388019561767578,0.0017374005520766225,1.0,3.0,0.1,150,5,2,0.05,0.01,0.8,"{'subsample': 1.0, 'reg_lambda': 3.0, 'reg_alpha': 0.1, 'n_estimators': 150, 'min_child_weight': 5, 'max_depth': 2, 'learning_rate': 0.05, 'gamma': 0.01, 'colsample_bytree': 0.8}",-0.13989345218016386,-0.018659752067643524,-0.02645725209437657,-0.054603992546092016,-0.05855483858228344,-0.05963385749411189,0.04300611775951379,10,C_vibration_based
0.5986722469329834,0.04041358313382622,0.005510759353637695,0.0011648486611781402,0.85,5.0,0.1,400,8,4,0.05,0.0,0.6,"{'subsample': 0.85, 'reg_lambda': 5.0, 'reg_alpha': 0.1, 'n_estimators': 400, 'min_child_weight': 8, 'max_depth': 4, 'learning_rate': 0.05, 'gamma': 0.0, 'colsample_bytree': 0.6}",-0.16891139066727456,-0.013617275182726098,-0.025669603797247857,-0.04907211842939816,-0.05159017583931625,-0.06177211278319259,0.05543656934090627,11,C_vibration_based
0.5445795059204102,0.020646458323865167,0.004238557815551758,0.0008346840761689167,1.0,10.0,0.0,250,5,4,0.05,0.0,1.0,"{'subsample': 1.0, 'reg_lambda': 10.0, 'reg_alpha': 0.0, 'n_estimators': 250, 'min_child_weight': 5, 'max_depth': 4, 'learning_rate': 0.05, 'gamma': 0.0, 'colsample_bytree': 1.0}",-0.16119031647348478,-0.01819199266661092,-0.024118122403104285,-0.05183736329807575,-0.06299919604664898,-0.06366739817758495,0.051542746401332544,15,C_vibration_based
0.26555838584899905,0.0036833786950210964,0.006655359268188476,0.00034092801751304527,1.0,1.0,0.5,150,8,4,0.1,0.01,1.0,"{'subsample': 1.0, 'reg_lambda': 1.0, 'reg_alpha': 0.5, 'n_estimators': 150, 'min_child_weight': 8, 'max_depth': 4, 'learning_rate': 0.1, 'gamma': 0.01, 'colsample_bytree': 1.0}",-0.08194706944474194,-0.01383757450317331,-0.023420483255222953,-0.01900308385261824,-0.031799959889581286,-0.03400163418906754,0.024686509278847798,12,D_age_aware
0.761821985244751,0.0397503516893166,0.009361553192138671,0.0017571601996411639,1.0,10.0,0.1,600,1,5,0.1,0.1,1.0,"{'subsample': 1.0, 'reg_lambda': 10.0, 'reg_alpha': 0.1, 'n_estimators': 600, 'min_child_weight': 1, 'max_depth': 5, 'learning_rate': 0.1, 'gamma': 0.1, 'colsample_bytree': 1.0}",-0.07604256987259869,-0.016364987524431926,-0.021814159552154152,-0.01915014770669226,-0.031645091038158636,-0.03300339113880713,0.02212764613404109,5,D_age_aware
0.47574443817138673,0.016424039940033715,0.007910728454589844,0.0007617652470096031,0.85,3.0,0.1,150,8,5,0.08,0.05,1.0,"{'subsample': 0.85, 'reg_lambda': 3.0, 'reg_alpha': 0.1, 'n_estimators': 150, 'min_child_weight': 8, 'max_depth': 5, 'learning_rate': 0.08, 'gamma': 0.05, 'colsample_bytree': 1.0}",-0.089679503799091,-0.0137675702660469,-0.021511209657613738,-0.01860015051008675,-0.0305814783692398,-0.03482798252041564,0.02796763171829108,15,D_age_aware
2.4651891708374025,0.14049851899159022,0.012231969833374023,0.004634060353593914,1.0,1.0,0.01,150,1,5,0.05,0.0,1.0,"{'subsample': 1.0, 'reg_lambda': 1.0, 'reg_alpha': 0.01, 'n_estimators': 150, 'min_child_weight': 1, 'max_depth': 5, 'learning_rate': 0.05, 'gamma': 0.0, 'colsample_bytree': 1.0}",-0.09964346652100126,-0.013258681767449198,-0.025204429949525934,-0.012280995382988167,-0.0335851348778192,-0.03679454169975675,0.03240206471660576,20,D_age_aware
0.5177611827850341,0.04763481741326419,0.00851902961730957,0.0013523630638301032,1.0,10.0,0.01,250,1,2,0.1,0.01,1.0,"{'subsample': 1.0, 'reg_lambda': 10.0, 'reg_alpha': 0.01, 'n_estimators': 250, 'min_child_weight': 1, 'max_depth': 2, 'learning_rate': 0.1, 'gamma': 0.01, 'colsample_bytree': 1.0}",-0.08335715355705464,-0.0070980923947996395,-0.023774438618819727,-0.01957466257587684,-0.028514460012391173,-0.032463761431788404,0.026422659630237277,3,D_age_aware
2.7672240257263185,0.271607170970388,0.0132781982421875,0.002653269714797034,0.7,1.0,0.01,250,5,5,0.1,0.0,1.0,"{'subsample': 0.7, 'reg_lambda': 1.0, 'reg_alpha': 0.01, 'n_estimators': 250, 'min_child_weight': 5, 'max_depth': 5, 'learning_rate': 0.1, 'gamma': 0.0, 'colsample_bytree': 1.0}",-0.0937681568316443,-0.00988429670616698,-0.021572889864850845,-0.015145012648792373,-0.03240156221214614,-0.03455438365272012,0.03054426829348893,14,D_age_aware
6.065830945968628,0.5172766045411376,0.011669921875,0.0022446044551216815,0.85,10.0,0.01,600,3,5,0.05,0.0,0.8,"{'subsample': 0.85, 'reg_lambda': 10.0, 'reg_alpha': 0.01, 'n_estimators': 600, 'min_child_weight': 3, 'max_depth': 5, 'learning_rate': 0.05, 'gamma': 0.0, 'colsample_bytree': 0.8}",-0.0833090878097889,-0.00919261867872884,-0.021654011634271258,-0.019561161048972802,-0.03348251424898539,-0.03343987868414944,0.026101321497935648,8,D_age_aware
1.2350956439971923,0.031121140855644942,0.011087274551391602,0.002653955920539409,0.7,10.0,0.0,250,8,4,0.02,0.1,1.0,"{'subsample': 0.7, 'reg_lambda': 10.0, 'reg_alpha': 0.0, 'n_estimators': 250, 'min_child_weight': 8, 'max_depth': 4, 'learning_rate': 0.02, 'gamma': 0.1, 'colsample_bytree': 1.0}",-0.0815380960138871,-0.0120629328400446,-0.019654177002451454,-0.021039086839166703,-0.0321704101323556,-0.03329294056558109,0.024962937044788542,6,D_age_aware
0.9634558200836182,0.005972594035953238,0.014292573928833008,0.005593916144001651,0.7,5.0,0.5,400,8,3,0.02,0.1,0.8,"{'subsample': 0.7, 'reg_lambda': 5.0, 'reg_alpha': 0.5, 'n_estimators': 400, 'min_child_weight': 8, 'max_depth': 3, 'learning_rate': 0.02, 'gamma': 0.1, 'colsample_bytree': 0.8}",-0.0772876224946337,-0.009637482012702574,-0.021031098792080576,-0.02212686209633703,-0.03025779880609213,-0.032068172840369204,0.023545099851313984,1,D_age_aware
1.281791353225708,0.031009678746122905,0.01272439956665039,0.004143183293278516,1.0,10.0,0.01,150,8,4,0.02,0.01,1.0,"{'subsample': 1.0, 'reg_lambda': 10.0, 'reg_alpha': 0.01, 'n_estimators': 150, 'min_child_weight': 8, 'max_depth': 4, 'learning_rate': 0.02, 'gamma': 0.01, 'colsample_bytree': 1.0}",-0.07408069083181287,-0.014239636241247522,-0.021552016014078336,-0.018335832829121757,-0.03288834758919383,-0.03221930470109087,0.02182949190544404,2,D_age_aware
0.9213530540466308,0.03532793035228396,0.009798002243041993,0.0020143371415316897,0.7,1.0,0.5,600,3,2,0.05,0.05,1.0,"{'subsample': 0.7, 'reg_lambda': 1.0, 'reg_alpha': 0.5, 'n_estimators': 600, 'min_child_weight': 3, 'max_depth': 2, 'learning_rate': 0.05, 'gamma': 0.05, 'colsample_bytree': 1.0}",-0.09042621667947932,-0.009604753141603972,-0.019999211228547996,-0.02072505413725201,-0.029056668333521763,-0.033962380704081016,0.028898864073977085,10,D_age_aware
0.4379451751708984,0.013124215234415343,0.008157730102539062,0.0006552119952164155,0.7,3.0,0.5,250,8,2,0.05,0.01,0.6,"{'subsample': 0.7, 'reg_lambda': 3.0, 'reg_alpha': 0.5, 'n_estimators': 250, 'min_child_weight': 8, 'max_depth': 2, 'learning_rate': 0.05, 'gamma': 0.01, 'colsample_bytree': 0.6}",-0.09606336822472294,-0.005155045517651308,-0.02255261561911695,-0.025131585966743513,-0.027378490903679872,-0.03525622124638291,0.03139916678744388,18,D_age_aware
0.33057208061218263,0.016418879483013543,0.014458417892456055,0.00660498285065673,1.0,1.0,0.0,150,5,3,0.05,0.1,0.6,"{'subsample': 1.0, 'reg_lambda': 1.0, 'reg_alpha': 0.0, 'n_estimators': 150, 'min_child_weight': 5, 'max_depth': 3, 'learning_rate': 0.05, 'gamma': 0.1, 'colsample_bytree': 0.6}",-0.08475571290783565,-0.005588005953082962,-0.019581617990210763,-0.028036829242622414,-0.03251318362705404,-0.034095069944161165,0.02694066953593391,13,D_age_aware
0.9646272659301758,0.0374604863440934,0.00784754753112793,0.0010153326204151135,0.7,10.0,0.01,150,5,5,0.05,0.01,0.8,"{'subsample': 0.7, 'reg_lambda': 10.0, 'reg_alpha': 0.01, 'n_estimators': 150, 'min_child_weight': 5, 'max_depth': 5, 'learning_rate': 0.05, 'gamma': 0.01, 'colsample_bytree': 0.8}",-0.0820722526130568,-0.009258466604745079,-0.02339732605924601,-0.021519905345672646,-0.031885593702536325,-0.03362670886505137,0.025278561612364626,9,D_age_aware
0.667597770690918,0.028093791350335386,0.008704853057861329,0.0019065798724166927,1.0,5.0,0.01,400,3,2,0.05,0.01,0.8,"{'subsample': 1.0, 'reg_lambda': 5.0, 'reg_alpha': 0.01, 'n_estimators': 400, 'min_child_weight': 3, 'max_depth': 2, 'learning_rate': 0.05, 'gamma': 0.01, 'colsample_bytree': 0.8}",-0.08302451332934674,-0.007138600642438626,-0.023997298321467696,-0.020298006564564933,-0.02873317529052819,-0.032638318829669236,0.0261962016791452,4,D_age_aware
0.4875345706939697,0.006615785775084069,0.009905576705932617,0.0020224675692577516,0.85,1.0,0.0,150,1,3,0.02,0.0,0.6,"{'subsample': 0.85, 'reg_lambda': 1.0, 'reg_alpha': 0.0, 'n_estimators': 150, 'min_child_weight': 1, 'max_depth': 3, 'learning_rate': 0.02, 'gamma': 0.0, 'colsample_bytree': 0.6}",-0.08380295763802587,-0.006536519965064741,-0.01806555300797305,-0.02766420958719459,-0.033745950645695764,-0.0339630381687908,0.026565706752919603,11,D_age_aware
0.5064995288848877,0.008595443086667072,0.008864116668701173,0.0019121130410531461,1.0,10.0,0.01,150,8,3,0.1,0.0,0.8,"{'subsample': 1.0, 'reg_lambda': 10.0, 'reg_alpha': 0.01, 'n_estimators': 150, 'min_child_weight': 8, 'max_depth': 3, 'learning_rate': 0.1, 'gamma': 0.0, 'colsample_bytree': 0.8}",-0.08352408621586013,-0.009876941139511538,-0.026416314076834244,-0.0242403425353049,-0.032055977281663546,-0.03522273224983487,0.025233406998926705,17,D_age_aware
0.29145021438598634,0.0058212100627260755,0.00729680061340332,0.00018613245478735292,1.0,3.0,0.1,150,5,2,0.05,0.01,0.8,"{'subsample': 1.0, 'reg_lambda': 3.0, 'reg_alpha': 0.1, 'n_estimators': 150, 'min_child_weight': 5, 'max_depth': 2, 'learning_rate': 0.05, 'gamma': 0.01, 'colsample_bytree': 0.8}",-0.08952233373769475,-0.007348899670230547,-0.020670973055725714,-0.020777287590797184,-0.02858005499722122,-0.03337990981033388,0.028889330278916523,7,D_age_aware
2.1643208026885987,0.035876513870450814,0.00910964012145996,0.003296553356421049,0.85,5.0,0.1,400,8,4,0.05,0.0,0.6,"{'subsample': 0.85, 'reg_lambda': 5.0, 'reg_alpha': 0.1, 'n_estimators': 400, 'min_child_weight': 8, 'max_depth': 4, 'learning_rate': 0.05, 'gamma': 0.0, 'colsample_bytree': 0.6}",-0.08704217596719005,-0.006062456988610129,-0.02346078818986842,-0.02752684591348709,-0.034329521276458136,-0.03568435766712277,0.02732353831688653,19,D_age_aware
1.9347211360931396,0.05746505447216756,0.008698463439941406,0.0009717913207368282,1.0,10.0,0.0,250,5,4,0.05,0.0,1.0,"{'subsample': 1.0, 'reg_lambda': 10.0, 'reg_alpha': 0.0, 'n_estimators': 250, 'min_child_weight': 5, 'max_depth': 4, 'learning_rate': 0.05, 'gamma': 0.0, 'colsample_bytree': 1.0}",-0.08349196315725953,-0.01339323169595117,-0.02824564899810919,-0.017175045776381286,-0.032578952624999435,-0.03497696845054012,0.02524888906883372,16,D_age_aware
