MachineID,ToolIndex,NumberOfCycle,LifecycleHealth,LifecycleBand,ConditionHealth,ConditionBand,HealthGap,HealthGapState,AnomalyScore,IsAnomaly,DecisionState,EvidenceCount,DecisionConfidence,Evidence,RootCauseDrivers,Recommendation,ActualHealth
CNC-01,2,1,0.918932557106018,HEALTHY,0.7354041337966919,EARLY_WEAR,-0.1835284233093261,CONDITION_WORSE_THAN_LIFECYCLE,-0.0750613192339451,False,HIGH_RISK,1,LOW,Current-based condition model indicates early wear | Observed condition is worse than lifecycle expectation,Current - Driving axle X L3 - kurtosis | Current - Driving axle X L2 - kurtosis | Current - Spindle L1 - mean,Inspect the cutting tool and review machining conditions because measured condition appears worse than expected lifecycle health.,1.0
CNC-01,2,2,0.9148914217948914,HEALTHY,0.6999987959861755,EARLY_WEAR,-0.2148926258087158,CONDITION_WORSE_THAN_LIFECYCLE,-0.0466371820338751,False,HIGH_RISK,1,LOW,Current-based condition model indicates early wear | Observed condition is worse than lifecycle expectation,Current - Driving axle X L3 - kurtosis | Current - Driving axle X L2 - kurtosis | Current - Driving axle Y L1 - min,Inspect the cutting tool and review machining conditions because measured condition appears worse than expected lifecycle health.,0.979591837
CNC-01,2,3,0.913094401359558,HEALTHY,1.0,HEALTHY,0.0869055986404419,CONSISTENT,-0.0195678893358262,False,NORMAL,0,HIGH,,Current - Spindle L1 - mean | Current - Driving axle Y L2 - mean | Current - Driving axle Z L1 - min,Continue normal operation and standard condition monitoring.,0.959183673
CNC-01,2,4,0.8925761580467224,HEALTHY,0.8610535860061646,HEALTHY,-0.0315225720405578,CONSISTENT,-0.0529140452671915,False,NORMAL,0,HIGH,,Current - Driving axle X L3 - kurtosis | Current - Spindle L1 - mean | Current - Driving axle X L2 - kurtosis,Continue normal operation and standard condition monitoring.,0.93877551
CNC-01,2,5,0.8934365510940552,HEALTHY,0.6863119602203369,EARLY_WEAR,-0.2071245908737182,CONDITION_WORSE_THAN_LIFECYCLE,-0.0869882199083282,False,HIGH_RISK,1,LOW,Current-based condition model indicates early wear | Observed condition is worse than lifecycle expectation,Current - Driving axle X L2 - kurtosis | Current - Driving axle X L3 - kurtosis | Current - Driving axle Z L1 - min,Inspect the cutting tool and review machining conditions because measured condition appears worse than expected lifecycle health.,0.918367347
CNC-01,2,6,0.8856115937232971,HEALTHY,0.6833502650260925,EARLY_WEAR,-0.2022613286972046,CONDITION_WORSE_THAN_LIFECYCLE,-0.0720183178641708,False,HIGH_RISK,1,LOW,Current-based condition model indicates early wear | Observed condition is worse than lifecycle expectation,Current - Driving axle X L3 - kurtosis | Current - Driving axle X L2 - kurtosis | Current - Spindle L2 - std,Inspect the cutting tool and review machining conditions because measured condition appears worse than expected lifecycle health.,0.897959184
CNC-01,2,7,0.864134669303894,HEALTHY,0.7676405310630798,HEALTHY,-0.0964941382408142,CONSISTENT,-0.0517136888107515,False,NORMAL,0,HIGH,,Current - Driving axle X L3 - kurtosis | Current - Driving axle X L2 - kurtosis | Current - Spindle L2 - std,Continue normal operation and standard condition monitoring.,0.87755102
CNC-01,2,8,0.854907751083374,HEALTHY,0.7644486427307129,HEALTHY,-0.0904591083526611,CONSISTENT,0.0237773378973966,True,WATCH,1,LOW,Electrical-current behaviour is anomalous,Current - Driving axle X L3 - kurtosis | Current - Spindle L1 - mean | Current - Driving axle Z L1 - min,Increase condition monitoring and review electrical-current trends at the next scheduled inspection.,0.857142857
CNC-01,2,9,0.8206374049186707,HEALTHY,0.6358643770217896,EARLY_WEAR,-0.1847730278968811,CONDITION_WORSE_THAN_LIFECYCLE,-0.0858568567235507,False,HIGH_RISK,1,LOW,Current-based condition model indicates early wear | Observed condition is worse than lifecycle expectation,Current - Driving axle X L3 - kurtosis | Current - Spindle L1 - mean | Current - Driving axle X L2 - kurtosis,Inspect the cutting tool and review machining conditions because measured condition appears worse than expected lifecycle health.,0.836734694
CNC-01,2,10,0.8176212310791016,HEALTHY,0.7549339532852173,HEALTHY,-0.0626872777938842,CONSISTENT,-0.0719557995154017,False,NORMAL,0,HIGH,,Current - Driving axle X L3 - kurtosis | Current - Driving axle X L2 - kurtosis | Current - Spindle L2 - std,Continue normal operation and standard condition monitoring.,0.816326531
CNC-01,2,11,0.7865439057350159,HEALTHY,0.7775261998176575,HEALTHY,-0.0090177059173583,CONSISTENT,-0.0186493395643962,False,NORMAL,0,HIGH,,Current - Driving axle X L3 - kurtosis | Current - Driving axle X L2 - kurtosis | Current - Driving axle Y L2 - mean,Continue normal operation and standard condition monitoring.,0.795918367
CNC-01,2,12,0.7643219828605652,HEALTHY,0.7296919226646423,EARLY_WEAR,-0.0346300601959228,CONSISTENT,-0.0090422297610213,False,WATCH,0,LOW,Current-based condition model indicates early wear,Current - Driving axle X L3 - kurtosis | Current - Spindle L1 - mean | Current - Driving axle X L2 - kurtosis,Continue operation with enhanced monitoring for progression of tool degradation.,0.775510204
CNC-01,2,13,0.7463228702545166,EARLY_WEAR,0.6647371649742126,EARLY_WEAR,-0.0815857052803039,CONSISTENT,-0.0834599313476788,False,WATCH,0,LOW,Lifecycle model indicates early wear | Current-based condition model indicates early wear,Current - Driving axle X L3 - kurtosis | Current - Driving axle X L2 - kurtosis | Current - Driving axle Y L3 - max,Continue operation with enhanced monitoring for progression of tool degradation.,0.755102041
CNC-01,2,14,0.7337341904640198,EARLY_WEAR,0.7898529171943665,HEALTHY,0.0561187267303466,CONSISTENT,-0.0634305105366148,False,WATCH,0,LOW,Lifecycle model indicates early wear,Current - Driving axle X L3 - kurtosis | Current - Driving axle X L2 - kurtosis | Current - Spindle L2 - std,Continue operation with enhanced monitoring for progression of tool degradation.,0.734693878
CNC-01,2,15,0.7468791604042053,EARLY_WEAR,0.8000522255897522,HEALTHY,0.0531730651855468,CONSISTENT,-0.0521296692743236,False,WATCH,0,LOW,Lifecycle model indicates early wear,Current - Driving axle X L3 - kurtosis | Current - Spindle L1 - mean | Current - Driving axle X L2 - kurtosis,Continue operation with enhanced monitoring for progression of tool degradation.,0.714285714
CNC-01,2,16,0.7613215446472168,HEALTHY,0.6009659171104431,EARLY_WEAR,-0.1603556275367736,CONDITION_WORSE_THAN_LIFECYCLE,-0.0577323065376963,False,HIGH_RISK,1,LOW,Current-based condition model indicates early wear | Observed condition is worse than lifecycle expectation,Current - Driving axle X L3 - kurtosis | Current - Driving axle X L2 - kurtosis | Current - Driving axle Y L1 - min,Inspect the cutting tool and review machining conditions because measured condition appears worse than expected lifecycle health.,0.693877551
CNC-01,2,17,0.7192122936248779,EARLY_WEAR,0.6075893044471741,EARLY_WEAR,-0.1116229891777038,CONSISTENT,-0.0825381414685318,False,WATCH,0,LOW,Lifecycle model indicates early wear | Current-based condition model indicates early wear,Current - Driving axle X L3 - kurtosis | Current - Driving axle X L2 - kurtosis | Current - Driving axle Y L3 - max,Continue operation with enhanced monitoring for progression of tool degradation.,0.673469388
CNC-01,2,18,0.7158700823783875,EARLY_WEAR,0.7748130559921265,HEALTHY,0.058942973613739,CONSISTENT,-0.0922988513230299,False,WATCH,0,LOW,Lifecycle model indicates early wear,Current - Driving axle X L3 - kurtosis | Current - Driving axle X L2 - kurtosis | Current - Spindle L2 - std,Continue operation with enhanced monitoring for progression of tool degradation.,0.653061224
CNC-01,2,19,0.7081488966941833,EARLY_WEAR,0.9391418695449828,HEALTHY,0.2309929728507995,CONDITION_BETTER_THAN_LIFECYCLE,-0.0108134526252745,False,WATCH,0,LOW,Lifecycle model indicates early wear | Observed condition is healthier than lifecycle expectation,Current - Driving axle X L3 - kurtosis | Current - Driving axle Z L1 - min | Current - Driving axle X L2 - kurtosis,Continue operation with enhanced monitoring for progression of tool degradation.,0.632653061
CNC-01,2,21,0.6620115041732788,EARLY_WEAR,0.6852924823760986,EARLY_WEAR,0.0232809782028198,CONSISTENT,-0.0756010588387142,False,WATCH,0,LOW,Lifecycle model indicates early wear | Current-based condition model indicates early wear,Current - Driving axle X L3 - kurtosis | Current - Driving axle X L2 - kurtosis | Current - Driving axle Y L3 - max,Continue operation with enhanced monitoring for progression of tool degradation.,0.591836735
CNC-01,2,22,0.6819554567337036,EARLY_WEAR,0.6897923350334167,EARLY_WEAR,0.0078368782997131,CONSISTENT,-0.0807030690320779,False,WATCH,0,LOW,Lifecycle model indicates early wear | Current-based condition model indicates early wear,Current - Driving axle X L3 - kurtosis | Current - Driving axle X L2 - kurtosis | Current - Spindle L2 - std,Continue operation with enhanced monitoring for progression of tool degradation.,0.571428571
CNC-01,2,23,0.6204345226287842,EARLY_WEAR,0.7054837942123413,EARLY_WEAR,0.0850492715835571,CONSISTENT,-0.0654388134153934,False,WATCH,0,LOW,Lifecycle model indicates early wear | Current-based condition model indicates early wear,Current - Driving axle X L3 - kurtosis | Current - Driving axle X L2 - kurtosis | Current - Spindle L2 - std,Continue operation with enhanced monitoring for progression of tool degradation.,0.551020408
CNC-01,2,24,0.6735664010047913,EARLY_WEAR,0.9259132742881776,HEALTHY,0.2523468732833862,CONDITION_BETTER_THAN_LIFECYCLE,-0.0356516776924816,False,WATCH,0,LOW,Lifecycle model indicates early wear | Observed condition is healthier than lifecycle expectation,Current - Driving axle X L3 - kurtosis | Current - Driving axle X L2 - kurtosis | Current - Spindle L2 - std,Continue operation with enhanced monitoring for progression of tool degradation.,0.530612245
CNC-01,2,25,0.6395791172981262,EARLY_WEAR,0.6298430562019348,EARLY_WEAR,-0.0097360610961914,CONSISTENT,-0.069400247539539,False,WATCH,0,LOW,Lifecycle model indicates early wear | Current-based condition model indicates early wear,Current - Driving axle X L3 - kurtosis | Current - Driving axle X L2 - kurtosis | Current - Spindle L2 - std,Continue operation with enhanced monitoring for progression of tool degradation.,0.510204082
CNC-01,2,26,0.5357410907745361,EARLY_WEAR,0.5739762187004089,EARLY_WEAR,0.0382351279258728,CONSISTENT,-0.0516019486136606,False,WATCH,0,LOW,Lifecycle model indicates early wear | Current-based condition model indicates early wear,Current - Driving axle X L3 - kurtosis | Current - Driving axle X L2 - mean | Current - Driving axle X L2 - kurtosis,Continue operation with enhanced monitoring for progression of tool degradation.,0.489795918
CNC-01,2,27,0.521681010723114,EARLY_WEAR,0.5630934238433838,EARLY_WEAR,0.0414124131202697,CONSISTENT,-0.066108782315967,False,WATCH,0,LOW,Lifecycle model indicates early wear | Current-based condition model indicates early wear,Current - Driving axle X L3 - kurtosis | Current - Driving axle X L2 - mean | Current - Driving axle X L2 - kurtosis,Continue operation with enhanced monitoring for progression of tool degradation.,0.469387755
CNC-01,2,28,0.468262642621994,DEGRADED,0.5106487274169922,EARLY_WEAR,0.0423860847949981,CONSISTENT,-0.043801414519923,False,HIGH_RISK,1,LOW,Lifecycle model indicates significant degradation | Current-based condition model indicates early wear,Current - Driving axle X L3 - kurtosis | Current - Driving axle X L2 - mean | Current - Driving axle X L2 - kurtosis,Schedule tool inspection before continued high-load production and prepare a replacement tool if degradation persists.,0.448979592
CNC-01,2,29,0.4300122559070587,DEGRADED,0.5045899152755737,EARLY_WEAR,0.074577659368515,CONSISTENT,-0.0560204629176649,False,HIGH_RISK,1,LOW,Lifecycle model indicates significant degradation | Current-based condition model indicates early wear,Current - Driving axle X L3 - kurtosis | Current - Driving axle X L2 - mean | Current - Driving axle X L2 - kurtosis,Schedule tool inspection before continued high-load production and prepare a replacement tool if degradation persists.,0.428571429
CNC-01,2,30,0.3651993572711944,DEGRADED,0.5098316073417664,EARLY_WEAR,0.1446322500705719,CONSISTENT,-0.0193939287052984,False,HIGH_RISK,1,LOW,Lifecycle model indicates significant degradation | Current-based condition model indicates early wear,Current - Driving axle X L2 - mean | Current - Driving axle X L3 - kurtosis | Current - Driving axle X L2 - kurtosis,Schedule tool inspection before continued high-load production and prepare a replacement tool if degradation persists.,0.408163265
CNC-01,2,31,0.3357076942920685,DEGRADED,0.5131247639656067,EARLY_WEAR,0.1774170696735382,CONDITION_BETTER_THAN_LIFECYCLE,-0.0205060922316257,False,HIGH_RISK,1,LOW,Lifecycle model indicates significant degradation | Current-based condition model indicates early wear | Observed condition is healthier than lifecycle expectation,Current - Driving axle X L2 - mean | Current - Driving axle X L3 - kurtosis | Current - Driving axle X L2 - kurtosis,Schedule tool inspection before continued high-load production and prepare a replacement tool if degradation persists.,0.387755102
CNC-01,2,34,0.237768143415451,CRITICAL,0.3276054561138153,DEGRADED,0.0898373126983642,CONSISTENT,0.0038596077509364,True,CRITICAL,3,HIGH,Lifecycle model indicates critical remaining health | Current-based condition model indicates significant degradation | Electrical-current behaviour is anomalous,Current - Driving axle X L2 - mean | Current - Driving axle X L1 - mean | Current - Driving axle X L3 - kurtosis,Hold the tool for inspection before further machining and prepare tool replacement. Review machine-current behaviour and the identified degradation drivers.,0.326530612
CNC-01,2,34,0.2296945005655288,CRITICAL,0.2781608998775482,DEGRADED,0.0484663993120193,CONSISTENT,0.01087810851467,True,CRITICAL,3,HIGH,Lifecycle model indicates critical remaining health | Current-based condition model indicates significant degradation | Electrical-current behaviour is anomalous,Current - Driving axle X L2 - mean | Current - Driving axle X L3 - kurtosis | Current - Driving axle X L1 - mean,Hold the tool for inspection before further machining and prepare tool replacement. Review machine-current behaviour and the identified degradation drivers.,0.326530612
CNC-01,2,35,0.2258151024580001,CRITICAL,0.3494244813919067,DEGRADED,0.1236093789339065,CONSISTENT,-0.0051725159056628,False,CRITICAL,2,MEDIUM,Lifecycle model indicates critical remaining health | Current-based condition model indicates significant degradation,Current - Driving axle X L2 - mean | Current - Driving axle X L1 - mean | Current - Driving axle X L3 - kurtosis,Hold the tool for inspection before further machining and prepare tool replacement. Review machine-current behaviour and the identified degradation drivers.,0.306122449
CNC-01,2,36,0.2267376184463501,CRITICAL,0.40561643242836,DEGRADED,0.1788788139820099,CONDITION_BETTER_THAN_LIFECYCLE,-0.037313793413945,False,CRITICAL,2,MEDIUM,Lifecycle model indicates critical remaining health | Current-based condition model indicates significant degradation | Observed condition is healthier than lifecycle expectation,Current - Driving axle X L2 - mean | Current - Driving axle X L3 - kurtosis | Current - Driving axle X L1 - mean,Hold the tool for inspection before further machining and prepare tool replacement. Review machine-current behaviour and the identified degradation drivers.,0.285714286
CNC-01,2,37,0.1602400839328766,CRITICAL,0.139240950345993,CRITICAL,-0.0209991335868835,CONSISTENT,0.0346680694014246,True,CRITICAL,3,HIGH,Lifecycle model indicates critical remaining health | Current-based condition model indicates critical degradation | Electrical-current behaviour is anomalous,Current - Driving axle X L2 - mean | Current - Driving axle X L1 - mean | Current - Driving axle X L3 - mean,Hold the tool for inspection before further machining and prepare tool replacement. Review machine-current behaviour and the identified degradation drivers.,0.265306122
CNC-01,2,38,0.1692181229591369,CRITICAL,0.1817379891872406,CRITICAL,0.0125198662281036,CONSISTENT,0.0445010133756725,True,CRITICAL,3,HIGH,Lifecycle model indicates critical remaining health | Current-based condition model indicates critical degradation | Electrical-current behaviour is anomalous,Current - Driving axle X L2 - mean | Current - Driving axle X L1 - mean | Current - Driving axle X L3 - kurtosis,Hold the tool for inspection before further machining and prepare tool replacement. Review machine-current behaviour and the identified degradation drivers.,0.244897959
CNC-01,2,39,0.1497428715229034,CRITICAL,0.1675394624471664,CRITICAL,0.017796590924263,CONSISTENT,0.0287258018818883,True,CRITICAL,3,HIGH,Lifecycle model indicates critical remaining health | Current-based condition model indicates critical degradation | Electrical-current behaviour is anomalous,Current - Driving axle X L1 - mean | Current - Driving axle X L2 - mean | Current - Driving axle X L3 - mean,Hold the tool for inspection before further machining and prepare tool replacement. Review machine-current behaviour and the identified degradation drivers.,0.224489796
CNC-01,2,40,0.1443897932767868,CRITICAL,0.1428968906402588,CRITICAL,-0.001492902636528,CONSISTENT,0.0043850332392817,True,CRITICAL,3,HIGH,Lifecycle model indicates critical remaining health | Current-based condition model indicates critical degradation | Electrical-current behaviour is anomalous,Current - Driving axle X L2 - mean | Current - Driving axle X L1 - mean | Current - Driving axle X L3 - mean,Hold the tool for inspection before further machining and prepare tool replacement. Review machine-current behaviour and the identified degradation drivers.,0.204081633
CNC-01,2,41,0.1390545219182968,CRITICAL,0.0798701792955398,CRITICAL,-0.0591843426227569,CONSISTENT,0.0484859356931027,True,CRITICAL,3,HIGH,Lifecycle model indicates critical remaining health | Current-based condition model indicates critical degradation | Electrical-current behaviour is anomalous,Current - Driving axle X L1 - mean | Current - Driving axle X L2 - mean | Current - Driving axle X L3 - mean,Hold the tool for inspection before further machining and prepare tool replacement. Review machine-current behaviour and the identified degradation drivers.,0.183673469
CNC-01,2,42,0.1362941414117813,CRITICAL,0.1990751326084137,CRITICAL,0.0627809911966323,CONSISTENT,0.0614487916508186,True,CRITICAL,3,HIGH,Lifecycle model indicates critical remaining health | Current-based condition model indicates critical degradation | Electrical-current behaviour is anomalous,Current - Driving axle X L1 - mean | Current - Driving axle X L2 - mean | Current - Driving axle X L3 - mean,Hold the tool for inspection before further machining and prepare tool replacement. Review machine-current behaviour and the identified degradation drivers.,0.163265306
CNC-01,2,43,0.1454851478338241,CRITICAL,0.0337098613381385,CRITICAL,-0.1117752864956855,CONSISTENT,0.0560477918393682,True,CRITICAL,3,HIGH,Lifecycle model indicates critical remaining health | Current-based condition model indicates critical degradation | Electrical-current behaviour is anomalous,Current - Driving axle X L2 - mean | Current - Driving axle X L1 - mean | Current - Driving axle X L3 - mean,Hold the tool for inspection before further machining and prepare tool replacement. Review machine-current behaviour and the identified degradation drivers.,0.142857143
CNC-01,2,44,0.1454851478338241,CRITICAL,0.0228408686816692,CRITICAL,-0.1226442791521549,CONSISTENT,0.0356116920830339,True,CRITICAL,3,HIGH,Lifecycle model indicates critical remaining health | Current-based condition model indicates critical degradation | Electrical-current behaviour is anomalous,Current - Driving axle X L1 - mean | Current - Driving axle X L2 - mean | Current - Driving axle X L3 - mean,Hold the tool for inspection before further machining and prepare tool replacement. Review machine-current behaviour and the identified degradation drivers.,0.12244898
CNC-01,2,45,0.1382558494806289,CRITICAL,0.0548346303403377,CRITICAL,-0.0834212191402912,CONSISTENT,0.0534471566269073,True,CRITICAL,3,HIGH,Lifecycle model indicates critical remaining health | Current-based condition model indicates critical degradation | Electrical-current behaviour is anomalous,Current - Driving axle X L2 - mean | Current - Driving axle X L1 - mean | Current - Driving axle X L3 - mean,Hold the tool for inspection before further machining and prepare tool replacement. Review machine-current behaviour and the identified degradation drivers.,0.102040816
CNC-01,2,46,0.1394238770008087,CRITICAL,0.1420952081680297,CRITICAL,0.002671331167221,CONSISTENT,0.0632181987082346,True,CRITICAL,3,HIGH,Lifecycle model indicates critical remaining health | Current-based condition model indicates critical degradation | Electrical-current behaviour is anomalous,Current - Driving axle X L1 - mean | Current - Driving axle X L2 - mean | Current - Driving axle X L3 - mean,Hold the tool for inspection before further machining and prepare tool replacement. Review machine-current behaviour and the identified degradation drivers.,0.081632653
CNC-01,2,47,0.146657183766365,CRITICAL,0.0883074849843978,CRITICAL,-0.0583496987819671,CONSISTENT,0.0738889122120979,True,CRITICAL,3,HIGH,Lifecycle model indicates critical remaining health | Current-based condition model indicates critical degradation | Electrical-current behaviour is anomalous,Current - Driving axle X L1 - mean | Current - Driving axle X L2 - mean | Current - Driving axle X L3 - mean,Hold the tool for inspection before further machining and prepare tool replacement. Review machine-current behaviour and the identified degradation drivers.,0.06122449
CNC-01,2,48,0.1416017115116119,CRITICAL,0.000333247706294,CRITICAL,-0.1412684638053178,CONSISTENT,0.0600843158027177,True,CRITICAL,3,HIGH,Lifecycle model indicates critical remaining health | Current-based condition model indicates critical degradation | Electrical-current behaviour is anomalous,Current - Driving axle X L2 - mean | Current - Driving axle X L1 - mean | Current - Driving axle X L3 - mean,Hold the tool for inspection before further machining and prepare tool replacement. Review machine-current behaviour and the identified degradation drivers.,0.040816327
CNC-01,2,49,0.1271821707487106,CRITICAL,0.1376575529575348,CRITICAL,0.0104753822088241,CONSISTENT,0.055070111515178,True,CRITICAL,3,HIGH,Lifecycle model indicates critical remaining health | Current-based condition model indicates critical degradation | Electrical-current behaviour is anomalous,Current - Driving axle X L1 - mean | Current - Driving axle X L2 - mean | Current - Driving axle X L3 - mean,Hold the tool for inspection before further machining and prepare tool replacement. Review machine-current behaviour and the identified degradation drivers.,0.020408163
CNC-01,2,50,0.372126042842865,DEGRADED,0.4765400886535644,DEGRADED,0.1044140458106994,CONSISTENT,0.043102852633166,True,CRITICAL,3,HIGH,Lifecycle model indicates significant degradation | Current-based condition model indicates significant degradation | Electrical-current behaviour is anomalous,Current - Spindle L1 - mean | Current - Driving axle X L2 - mean | Current - Driving axle X L2 - std,Hold the tool for inspection before further machining and prepare tool replacement. Review machine-current behaviour and the identified degradation drivers.,0.0
CNC-01,11,1,0.7204151749610901,EARLY_WEAR,0.726752519607544,EARLY_WEAR,0.0063373446464538,CONSISTENT,-0.0518503576488888,False,WATCH,0,LOW,Lifecycle model indicates early wear | Current-based condition model indicates early wear,RDOC | Current - Driving axle Y L1 - min | Current - Driving axle X L3 - kurtosis,Continue operation with enhanced monitoring for progression of tool degradation.,0.0
CNC-01,102,1,0.953205943107605,HEALTHY,0.7859368920326233,HEALTHY,-0.1672690510749817,CONDITION_WORSE_THAN_LIFECYCLE,-0.032130721914393,False,HIGH_RISK,1,LOW,Observed condition is worse than lifecycle expectation,HardnessMean | Current - Spindle L1 - mean | RDOC,Inspect the cutting tool and review machining conditions because measured condition appears worse than expected lifecycle health.,1.0
CNC-01,102,2,0.9556654691696168,HEALTHY,0.8102760910987854,HEALTHY,-0.1453893780708313,CONSISTENT,-0.0641878312450262,False,NORMAL,0,HIGH,,HardnessMean | RDOC | Current - Driving axle Y L2 - min,Continue normal operation and standard condition monitoring.,0.988095238
CNC-01,102,3,0.9536774754524232,HEALTHY,0.8250569701194763,HEALTHY,-0.1286205053329467,CONSISTENT,-0.0251712398840185,False,NORMAL,0,HIGH,,HardnessMean | RDOC | Current - Driving axle X L2 - kurtosis,Continue normal operation and standard condition monitoring.,0.976190476
CNC-01,102,4,0.9536774754524232,HEALTHY,0.8530505895614624,HEALTHY,-0.1006268858909607,CONSISTENT,-0.0067216591024524,False,NORMAL,0,HIGH,,HardnessMean | RDOC | Current - Driving axle Y L1 - min,Continue normal operation and standard condition monitoring.,0.964285714
CNC-01,102,6,0.9494289755821228,HEALTHY,0.8305544257164001,HEALTHY,-0.1188745498657226,CONSISTENT,-0.0634466303677352,False,NORMAL,0,HIGH,,HardnessMean | RDOC | Current - Spindle L3 - skew,Continue normal operation and standard condition monitoring.,0.94047619
CNC-01,102,7,0.9248117804527284,HEALTHY,0.8173770904541016,HEALTHY,-0.1074346899986267,CONSISTENT,0.0266426115236507,True,WATCH,1,LOW,Electrical-current behaviour is anomalous,HardnessMean | RDOC | Current - Driving axle Y L2 - max,Increase condition monitoring and review electrical-current trends at the next scheduled inspection.,0.928571429
CNC-01,102,8,0.9193296432495116,HEALTHY,0.7098861336708069,EARLY_WEAR,-0.2094435095787048,CONDITION_WORSE_THAN_LIFECYCLE,-0.0107998669787521,False,HIGH_RISK,1,LOW,Current-based condition model indicates early wear | Observed condition is worse than lifecycle expectation,HardnessMean | Current - Spindle L1 - mean | RDOC,Inspect the cutting tool and review machining conditions because measured condition appears worse than expected lifecycle health.,0.916666667
CNC-01,102,9,0.9037874937057496,HEALTHY,0.6750675439834595,EARLY_WEAR,-0.22871994972229,CONDITION_WORSE_THAN_LIFECYCLE,-0.047437234094479,False,HIGH_RISK,1,LOW,Current-based condition model indicates early wear | Observed condition is worse than lifecycle expectation,HardnessMean | RDOC | Current - Driving axle Y L1 - min,Inspect the cutting tool and review machining conditions because measured condition appears worse than expected lifecycle health.,0.904761905
CNC-01,102,10,0.9037593603134156,HEALTHY,0.7680744528770447,HEALTHY,-0.1356849074363708,CONSISTENT,-0.0318230325624546,False,NORMAL,0,HIGH,,HardnessMean | RDOC | Current - Driving axle Y L1 - min,Continue normal operation and standard condition monitoring.,0.892857143
CNC-01,102,11,0.8809072971343994,HEALTHY,0.7747263312339783,HEALTHY,-0.1061809659004211,CONSISTENT,-0.0659462469436708,False,NORMAL,0,HIGH,,HardnessMean | RDOC | Current - Driving axle Y L1 - min,Continue normal operation and standard condition monitoring.,0.880952381
CNC-01,102,12,0.8625818490982056,HEALTHY,0.7204692959785461,EARLY_WEAR,-0.1421125531196594,CONSISTENT,-0.0598178048140167,False,WATCH,0,LOW,Current-based condition model indicates early wear,HardnessMean | RDOC | Current - Driving axle Y L2 - min,Continue operation with enhanced monitoring for progression of tool degradation.,0.869047619
CNC-01,102,13,0.8647838830947876,HEALTHY,0.7589594721794128,HEALTHY,-0.1058244109153747,CONSISTENT,-0.0163021073826223,False,NORMAL,0,HIGH,,HardnessMean | RDOC | Current - Driving axle Y L1 - min,Continue normal operation and standard condition monitoring.,0.857142857
CNC-01,102,14,0.8530040979385376,HEALTHY,0.8246231079101562,HEALTHY,-0.0283809900283813,CONSISTENT,0.0012111574247334,True,WATCH,1,LOW,Electrical-current behaviour is anomalous,HardnessMean | RDOC | Current - Driving axle Y L2 - min,Increase condition monitoring and review electrical-current trends at the next scheduled inspection.,0.845238095
CNC-01,102,15,0.8494797348976135,HEALTHY,0.7314065098762512,EARLY_WEAR,-0.1180732250213623,CONSISTENT,-0.069293779963603,False,WATCH,0,LOW,Current-based condition model indicates early wear,HardnessMean | RDOC | Current - Spindle L1 - mean,Continue operation with enhanced monitoring for progression of tool degradation.,0.833333333
CNC-01,102,16,0.8448392748832703,HEALTHY,0.7300910949707031,EARLY_WEAR,-0.1147481799125671,CONSISTENT,-0.0571389851112237,False,WATCH,0,LOW,Current-based condition model indicates early wear,HardnessMean | RDOC | Current - Driving axle X L2 - kurtosis,Continue operation with enhanced monitoring for progression of tool degradation.,0.821428571
CNC-01,102,17,0.8340544104576111,HEALTHY,0.7928541302680969,HEALTHY,-0.0412002801895141,CONSISTENT,-0.0515338269653238,False,NORMAL,0,HIGH,,HardnessMean | RDOC | Current - Driving axle Y L1 - min,Continue normal operation and standard condition monitoring.,0.80952381
CNC-01,102,18,0.8263686895370483,HEALTHY,0.7764992713928223,HEALTHY,-0.049869418144226,CONSISTENT,-0.0676821884415077,False,NORMAL,0,HIGH,,HardnessMean | RDOC | Current - Driving axle Y L1 - min,Continue normal operation and standard condition monitoring.,0.797619048
CNC-01,102,19,0.8260369896888733,HEALTHY,0.7974463105201721,HEALTHY,-0.0285906791687011,CONSISTENT,-0.0617260703698132,False,NORMAL,0,HIGH,,HardnessMean | RDOC | Current - Driving axle Y L1 - min,Continue normal operation and standard condition monitoring.,0.785714286
CNC-01,102,20,0.8179288506507874,HEALTHY,0.7992794513702393,HEALTHY,-0.018649399280548,CONSISTENT,-0.0437881520953168,False,NORMAL,0,HIGH,,HardnessMean | RDOC | Current - Driving axle Y L1 - min,Continue normal operation and standard condition monitoring.,0.773809524
CNC-01,102,21,0.807763397693634,HEALTHY,0.838184654712677,HEALTHY,0.0304212570190429,CONSISTENT,-0.011428859237516,False,NORMAL,0,HIGH,,HardnessMean | RDOC | Current - Driving axle Y L1 - min,Continue normal operation and standard condition monitoring.,0.761904762
CNC-01,102,22,0.7940611243247986,HEALTHY,0.7629286050796509,HEALTHY,-0.0311325192451477,CONSISTENT,-0.0593311475295343,False,NORMAL,0,HIGH,,HardnessMean | RDOC | Current - Spindle L1 - mean,Continue normal operation and standard condition monitoring.,0.75
CNC-01,102,23,0.7971440553665161,HEALTHY,0.7052119970321655,EARLY_WEAR,-0.0919320583343505,CONSISTENT,-0.0461835491019229,False,WATCH,0,LOW,Current-based condition model indicates early wear,HardnessMean | Current - Driving axle X L2 - kurtosis | RDOC,Continue operation with enhanced monitoring for progression of tool degradation.,0.738095238
CNC-01,102,24,0.8041568398475647,HEALTHY,0.7362546324729919,EARLY_WEAR,-0.0679022073745727,CONSISTENT,-0.0739900578981362,False,WATCH,0,LOW,Current-based condition model indicates early wear,HardnessMean | RDOC | Current - Driving axle Y L1 - min,Continue operation with enhanced monitoring for progression of tool degradation.,0.726190476
CNC-01,102,25,0.8034605979919434,HEALTHY,0.7095076441764832,EARLY_WEAR,-0.0939529538154602,CONSISTENT,-0.070758457936604,False,WATCH,0,LOW,Current-based condition model indicates early wear,HardnessMean | RDOC | Current - Driving axle Y L1 - min,Continue operation with enhanced monitoring for progression of tool degradation.,0.714285714
CNC-01,102,26,0.7971494793891907,HEALTHY,0.6323440074920654,EARLY_WEAR,-0.1648054718971252,CONDITION_WORSE_THAN_LIFECYCLE,-0.0097414091509808,False,HIGH_RISK,1,LOW,Current-based condition model indicates early wear | Observed condition is worse than lifecycle expectation,HardnessMean | RDOC | Current - Driving axle Y L1 - min,Inspect the cutting tool and review machining conditions because measured condition appears worse than expected lifecycle health.,0.702380952
CNC-01,102,27,0.7912729382514954,HEALTHY,0.7594509720802307,HEALTHY,-0.0318219661712646,CONSISTENT,-0.0191692034825589,False,NORMAL,0,HIGH,,HardnessMean | RDOC | Current - Driving axle Y L1 - min,Continue normal operation and standard condition monitoring.,0.69047619
CNC-01,102,28,0.7464743852615356,EARLY_WEAR,0.7257698178291321,EARLY_WEAR,-0.0207045674324035,CONSISTENT,0.0694752529274681,True,WATCH,1,LOW,Lifecycle model indicates early wear | Current-based condition model indicates early wear | Electrical-current behaviour is anomalous,HardnessMean | RDOC | Current - Driving axle Y L1 - min,Increase condition monitoring and review electrical-current trends at the next scheduled inspection.,0.678571429
CNC-01,102,29,0.7568981051445007,HEALTHY,0.6118603348731995,EARLY_WEAR,-0.1450377702713012,CONSISTENT,-0.0014561364057986,False,WATCH,0,LOW,Current-based condition model indicates early wear,HardnessMean | RDOC | Current - Spindle L3 - skew,Continue operation with enhanced monitoring for progression of tool degradation.,0.666666667
CNC-01,102,30,0.7802034616470337,HEALTHY,0.6738033294677734,EARLY_WEAR,-0.1064001321792602,CONSISTENT,-0.0536615909665842,False,WATCH,0,LOW,Current-based condition model indicates early wear,HardnessMean | RDOC | Current - Driving axle X L2 - kurtosis,Continue operation with enhanced monitoring for progression of tool degradation.,0.654761905
CNC-01,102,31,0.7759690880775452,HEALTHY,0.723832905292511,EARLY_WEAR,-0.0521361827850341,CONSISTENT,-0.0622570377952209,False,WATCH,0,LOW,Current-based condition model indicates early wear,HardnessMean | RDOC | Current - Driving axle X L2 - kurtosis,Continue operation with enhanced monitoring for progression of tool degradation.,0.642857143
CNC-01,102,32,0.7802034616470337,HEALTHY,0.7057015895843506,EARLY_WEAR,-0.0745018720626831,CONSISTENT,-0.0456752626319774,False,WATCH,0,LOW,Current-based condition model indicates early wear,HardnessMean | RDOC | Current - Driving axle Y L1 - min,Continue operation with enhanced monitoring for progression of tool degradation.,0.630952381
CNC-01,102,33,0.7751054763793945,HEALTHY,0.6511731147766113,EARLY_WEAR,-0.1239323616027832,CONSISTENT,-0.0526830641321312,False,WATCH,0,LOW,Current-based condition model indicates early wear,HardnessMean | RDOC | Current - Driving axle Y L2 - mean,Continue operation with enhanced monitoring for progression of tool degradation.,0.619047619
CNC-01,102,34,0.7687133550643921,HEALTHY,0.6833223700523376,EARLY_WEAR,-0.0853909850120544,CONSISTENT,-0.0392723292245493,False,WATCH,0,LOW,Current-based condition model indicates early wear,HardnessMean | RDOC | Current - Driving axle Y L1 - min,Continue operation with enhanced monitoring for progression of tool degradation.,0.607142857
CNC-01,102,35,0.7328076958656311,EARLY_WEAR,0.7459815144538879,EARLY_WEAR,0.0131738185882568,CONSISTENT,0.0388471342800941,True,WATCH,1,LOW,Lifecycle model indicates early wear | Current-based condition model indicates early wear | Electrical-current behaviour is anomalous,HardnessMean | RDOC | Current - Driving axle Y L2 - max,Increase condition monitoring and review electrical-current trends at the next scheduled inspection.,0.595238095
CNC-01,102,36,0.7094428539276123,EARLY_WEAR,0.6030057668685913,EARLY_WEAR,-0.106437087059021,CONSISTENT,-0.041354579814241,False,WATCH,0,LOW,Lifecycle model indicates early wear | Current-based condition model indicates early wear,HardnessMean | RDOC | Current - Spindle L1 - mean,Continue operation with enhanced monitoring for progression of tool degradation.,0.583333333
CNC-01,102,37,0.7246193885803223,EARLY_WEAR,0.5622905492782593,EARLY_WEAR,-0.162328839302063,CONDITION_WORSE_THAN_LIFECYCLE,-0.0451721499709839,False,HIGH_RISK,1,LOW,Lifecycle model indicates early wear | Current-based condition model indicates early wear | Observed condition is worse than lifecycle expectation,HardnessMean | RDOC | Current - Driving axle Y L1 - min,Inspect the cutting tool and review machining conditions because measured condition appears worse than expected lifecycle health.,0.571428571
CNC-01,102,38,0.7041241526603699,EARLY_WEAR,0.7425603866577148,EARLY_WEAR,0.0384362339973449,CONSISTENT,-0.0251405266530492,False,WATCH,0,LOW,Lifecycle model indicates early wear | Current-based condition model indicates early wear,HardnessMean | RDOC | Current - Driving axle X L2 - kurtosis,Continue operation with enhanced monitoring for progression of tool degradation.,0.55952381
CNC-01,102,39,0.7075594663619995,EARLY_WEAR,0.5354510545730591,EARLY_WEAR,-0.1721084117889404,CONDITION_WORSE_THAN_LIFECYCLE,-0.0500524404853431,False,HIGH_RISK,1,LOW,Lifecycle model indicates early wear | Current-based condition model indicates early wear | Observed condition is worse than lifecycle expectation,HardnessMean | RDOC | Current - Driving axle Y L2 - mean,Inspect the cutting tool and review machining conditions because measured condition appears worse than expected lifecycle health.,0.547619048
CNC-01,102,40,0.7013960480690002,EARLY_WEAR,0.5711219906806946,EARLY_WEAR,-0.1302740573883056,CONSISTENT,-0.0407479092114171,False,WATCH,0,LOW,Lifecycle model indicates early wear | Current-based condition model indicates early wear,HardnessMean | RDOC | Current - Driving axle Z L2 - min,Continue operation with enhanced monitoring for progression of tool degradation.,0.535714286
CNC-01,102,41,0.6947582364082336,EARLY_WEAR,0.6187902092933655,EARLY_WEAR,-0.0759680271148681,CONSISTENT,-0.0485922597965182,False,WATCH,0,LOW,Lifecycle model indicates early wear | Current-based condition model indicates early wear,HardnessMean | RDOC | Current - Driving axle Y L2 - mean,Continue operation with enhanced monitoring for progression of tool degradation.,0.523809524
CNC-01,102,42,0.6891027092933655,EARLY_WEAR,0.700788676738739,EARLY_WEAR,0.0116859674453735,CONSISTENT,-0.0003218428043633,False,WATCH,0,LOW,Lifecycle model indicates early wear | Current-based condition model indicates early wear,HardnessMean | RDOC | Current - Driving axle Y L2 - max,Continue operation with enhanced monitoring for progression of tool degradation.,0.511904762
CNC-01,102,43,0.6549822092056274,EARLY_WEAR,0.6428665518760681,EARLY_WEAR,-0.0121156573295593,CONSISTENT,-0.0649210028677546,False,WATCH,0,LOW,Lifecycle model indicates early wear | Current-based condition model indicates early wear,HardnessMean | RDOC | Current - Spindle L1 - mean,Continue operation with enhanced monitoring for progression of tool degradation.,0.5
CNC-01,102,44,0.6778716444969177,EARLY_WEAR,0.4950230121612549,DEGRADED,-0.1828486323356628,CONDITION_WORSE_THAN_LIFECYCLE,-0.0362443019202158,False,HIGH_RISK,2,MEDIUM,Lifecycle model indicates early wear | Current-based condition model indicates significant degradation | Observed condition is worse than lifecycle expectation,HardnessMean | RDOC | Current - Driving axle Y L1 - min,Inspect the cutting tool and review machining conditions because measured condition appears worse than expected lifecycle health.,0.488095238
CNC-01,102,45,0.6692309379577637,EARLY_WEAR,0.5879032611846924,EARLY_WEAR,-0.0813276767730712,CONSISTENT,-0.0565632184574227,False,WATCH,0,LOW,Lifecycle model indicates early wear | Current-based condition model indicates early wear,HardnessMean | RDOC | Current - Driving axle Y L1 - min,Continue operation with enhanced monitoring for progression of tool degradation.,0.476190476
CNC-01,102,46,0.6615445613861084,EARLY_WEAR,0.4556966125965118,DEGRADED,-0.2058479487895965,CONDITION_WORSE_THAN_LIFECYCLE,-0.0543405766921756,False,HIGH_RISK,2,MEDIUM,Lifecycle model indicates early wear | Current-based condition model indicates significant degradation | Observed condition is worse than lifecycle expectation,HardnessMean | RDOC | Current - Driving axle Y L2 - mean,Inspect the cutting tool and review machining conditions because measured condition appears worse than expected lifecycle health.,0.464285714
CNC-01,102,47,0.6548202037811279,EARLY_WEAR,0.5315566658973694,EARLY_WEAR,-0.1232635378837585,CONSISTENT,-0.0445958246234374,False,WATCH,0,LOW,Lifecycle model indicates early wear | Current-based condition model indicates early wear,HardnessMean | RDOC | Current - Driving axle Y L2 - mean,Continue operation with enhanced monitoring for progression of tool degradation.,0.452380952
CNC-01,102,48,0.6454587578773499,EARLY_WEAR,0.6175273656845093,EARLY_WEAR,-0.0279313921928405,CONSISTENT,-0.031750324769688,False,WATCH,0,LOW,Lifecycle model indicates early wear | Current-based condition model indicates early wear,HardnessMean | RDOC | Current - Driving axle Y L2 - mean,Continue operation with enhanced monitoring for progression of tool degradation.,0.44047619
CNC-01,102,49,0.5784215331077576,EARLY_WEAR,0.5493767857551575,EARLY_WEAR,-0.0290447473526,CONSISTENT,0.0648779431630869,True,WATCH,1,LOW,Lifecycle model indicates early wear | Current-based condition model indicates early wear | Electrical-current behaviour is anomalous,HardnessMean | RDOC | Current - Driving axle Y L1 - min,Increase condition monitoring and review electrical-current trends at the next scheduled inspection.,0.428571429
CNC-01,102,52,0.5989074110984802,EARLY_WEAR,0.7086030840873718,EARLY_WEAR,0.1096956729888916,CONSISTENT,-0.0356292285012879,False,WATCH,0,LOW,Lifecycle model indicates early wear | Current-based condition model indicates early wear,HardnessMean | Current - Driving axle X L2 - kurtosis | RDOC,Continue operation with enhanced monitoring for progression of tool degradation.,0.392857143
CNC-01,102,53,0.626279890537262,EARLY_WEAR,0.4968218207359314,DEGRADED,-0.1294580698013305,CONSISTENT,-0.0682717492091556,False,HIGH_RISK,1,LOW,Lifecycle model indicates early wear | Current-based condition model indicates significant degradation,HardnessMean | RDOC | Current - Driving axle X L1 - mean,Schedule tool inspection before continued high-load production and prepare a replacement tool if degradation persists.,0.380952381
CNC-01,102,54,0.580796480178833,EARLY_WEAR,0.4590506553649902,DEGRADED,-0.1217458248138427,CONSISTENT,-0.0478058853606262,False,HIGH_RISK,1,LOW,Lifecycle model indicates early wear | Current-based condition model indicates significant degradation,HardnessMean | RDOC | Current - Driving axle X L1 - mean,Schedule tool inspection before continued high-load production and prepare a replacement tool if degradation persists.,0.369047619
CNC-01,102,55,0.5713454484939575,EARLY_WEAR,0.5126433372497559,EARLY_WEAR,-0.0587021112442016,CONSISTENT,-0.0378646048984482,False,WATCH,0,LOW,Lifecycle model indicates early wear | Current-based condition model indicates early wear,HardnessMean | RDOC | Current - Driving axle Y L2 - mean,Continue operation with enhanced monitoring for progression of tool degradation.,0.357142857
CNC-01,102,56,0.5629582405090332,EARLY_WEAR,0.5541582703590393,EARLY_WEAR,-0.0087999701499938,CONSISTENT,0.0481052191812466,True,WATCH,1,LOW,Lifecycle model indicates early wear | Current-based condition model indicates early wear | Electrical-current behaviour is anomalous,HardnessMean | RDOC | Current - Driving axle Y L1 - min,Increase condition monitoring and review electrical-current trends at the next scheduled inspection.,0.345238095
CNC-01,102,57,0.554459273815155,EARLY_WEAR,0.4637297689914703,DEGRADED,-0.0907295048236846,CONSISTENT,-0.0510561215734907,False,HIGH_RISK,1,LOW,Lifecycle model indicates early wear | Current-based condition model indicates significant degradation,HardnessMean | RDOC | Current - Spindle L1 - mean,Schedule tool inspection before continued high-load production and prepare a replacement tool if degradation persists.,0.333333333
CNC-01,102,58,0.5516754984855652,EARLY_WEAR,0.427730530500412,DEGRADED,-0.1239449679851532,CONSISTENT,-0.0331094448355027,False,HIGH_RISK,1,LOW,Lifecycle model indicates early wear | Current-based condition model indicates significant degradation,HardnessMean | RDOC | Current - Driving axle X L1 - mean,Schedule tool inspection before continued high-load production and prepare a replacement tool if degradation persists.,0.321428571
CNC-01,102,59,0.5880031585693359,EARLY_WEAR,0.5194993019104004,EARLY_WEAR,-0.0685038566589355,CONSISTENT,-0.0513531874583448,False,WATCH,0,LOW,Lifecycle model indicates early wear | Current-based condition model indicates early wear,HardnessMean | RDOC | Current - Driving axle X L1 - mean,Continue operation with enhanced monitoring for progression of tool degradation.,0.30952381
CNC-01,102,60,0.537767767906189,EARLY_WEAR,0.4609807431697845,DEGRADED,-0.0767870247364044,CONSISTENT,-0.0417123488674152,False,HIGH_RISK,1,LOW,Lifecycle model indicates early wear | Current-based condition model indicates significant degradation,HardnessMean | RDOC | Current - Driving axle X L1 - mean,Schedule tool inspection before continued high-load production and prepare a replacement tool if degradation persists.,0.297619048
CNC-01,102,61,0.5129782557487488,EARLY_WEAR,0.4749004542827606,DEGRADED,-0.0380778014659881,CONSISTENT,-0.0588535200522922,False,HIGH_RISK,1,LOW,Lifecycle model indicates early wear | Current-based condition model indicates significant degradation,HardnessMean | RDOC | Current - Driving axle X L1 - mean,Schedule tool inspection before continued high-load production and prepare a replacement tool if degradation persists.,0.285714286
CNC-01,102,62,0.5139923095703125,EARLY_WEAR,0.4426997601985931,DEGRADED,-0.0712925493717193,CONSISTENT,-0.0274172948651405,False,HIGH_RISK,1,LOW,Lifecycle model indicates early wear | Current-based condition model indicates significant degradation,HardnessMean | RDOC | Current - Driving axle X L1 - mean,Schedule tool inspection before continued high-load production and prepare a replacement tool if degradation persists.,0.273809524
CNC-01,102,63,0.4856374561786651,DEGRADED,0.5480547547340393,EARLY_WEAR,0.0624172985553741,CONSISTENT,0.031299111174603,True,HIGH_RISK,2,MEDIUM,Lifecycle model indicates significant degradation | Current-based condition model indicates early wear | Electrical-current behaviour is anomalous,HardnessMean | RDOC | Current - Driving axle Y L1 - min,Schedule tool inspection before continued high-load production and prepare a replacement tool if degradation persists.,0.261904762
CNC-01,102,64,0.4872929751873016,DEGRADED,0.4967832863330841,DEGRADED,0.0094903111457824,CONSISTENT,-0.064195284515174,False,HIGH_RISK,2,MEDIUM,Lifecycle model indicates significant degradation | Current-based condition model indicates significant degradation,HardnessMean | RDOC | Current - Spindle L1 - mean,Schedule tool inspection before continued high-load production and prepare a replacement tool if degradation persists.,0.25
CNC-01,102,65,0.5153173804283142,EARLY_WEAR,0.4081315398216247,DEGRADED,-0.1071858406066894,CONSISTENT,-0.0328287927668556,False,HIGH_RISK,1,LOW,Lifecycle model indicates early wear | Current-based condition model indicates significant degradation,HardnessMean | RDOC | Current - Driving axle X L1 - mean,Schedule tool inspection before continued high-load production and prepare a replacement tool if degradation persists.,0.238095238
CNC-01,102,66,0.4943874776363373,DEGRADED,0.4869978427886963,DEGRADED,-0.0073896348476409,CONSISTENT,-0.0303025316097469,False,HIGH_RISK,2,MEDIUM,Lifecycle model indicates significant degradation | Current-based condition model indicates significant degradation,HardnessMean | RDOC | Current - Driving axle X L1 - mean,Schedule tool inspection before continued high-load production and prepare a replacement tool if degradation persists.,0.226190476
CNC-01,102,67,0.4941114485263824,DEGRADED,0.375905305147171,DEGRADED,-0.1182061433792114,CONSISTENT,-0.0184758041012614,False,HIGH_RISK,2,MEDIUM,Lifecycle model indicates significant degradation | Current-based condition model indicates significant degradation,HardnessMean | RDOC | Current - Driving axle X L1 - mean,Schedule tool inspection before continued high-load production and prepare a replacement tool if degradation persists.,0.214285714
CNC-01,102,68,0.48102006316185,DEGRADED,0.4242449700832367,DEGRADED,-0.0567750930786132,CONSISTENT,-0.0601133680197758,False,HIGH_RISK,2,MEDIUM,Lifecycle model indicates significant degradation | Current-based condition model indicates significant degradation,HardnessMean | RDOC | Current - Driving axle X L1 - mean,Schedule tool inspection before continued high-load production and prepare a replacement tool if degradation persists.,0.202380952
CNC-01,102,69,0.4733295142650604,DEGRADED,0.3841255009174347,DEGRADED,-0.0892040133476257,CONSISTENT,-0.0275849243437321,False,HIGH_RISK,2,MEDIUM,Lifecycle model indicates significant degradation | Current-based condition model indicates significant degradation,HardnessMean | RDOC | Current - Driving axle X L1 - mean,Schedule tool inspection before continued high-load production and prepare a replacement tool if degradation persists.,0.19047619
CNC-01,102,70,0.4715496599674225,DEGRADED,0.4262884557247162,DEGRADED,-0.0452612042427063,CONSISTENT,0.0282433809000226,True,CRITICAL,3,HIGH,Lifecycle model indicates significant degradation | Current-based condition model indicates significant degradation | Electrical-current behaviour is anomalous,HardnessMean | RDOC | Current - Driving axle Y L2 - max,Hold the tool for inspection before further machining and prepare tool replacement. Review machine-current behaviour and the identified degradation drivers.,0.178571429
CNC-01,102,71,0.460923433303833,DEGRADED,0.5072302222251892,EARLY_WEAR,0.0463067889213562,CONSISTENT,0.0090206869501082,True,HIGH_RISK,2,MEDIUM,Lifecycle model indicates significant degradation | Current-based condition model indicates early wear | Electrical-current behaviour is anomalous,HardnessMean | Current - Driving axle Z L1 - min | RDOC,Schedule tool inspection before continued high-load production and prepare a replacement tool if degradation persists.,0.166666667
CNC-01,102,72,0.4399025738239288,DEGRADED,0.424737811088562,DEGRADED,-0.0151647627353668,CONSISTENT,-0.0103034350173787,False,HIGH_RISK,2,MEDIUM,Lifecycle model indicates significant degradation | Current-based condition model indicates significant degradation,HardnessMean | RDOC | Current - Driving axle X L1 - mean,Schedule tool inspection before continued high-load production and prepare a replacement tool if degradation persists.,0.154761905
CNC-01,102,73,0.4467633664608001,DEGRADED,0.4158819615840912,DEGRADED,-0.0308814048767089,CONSISTENT,-0.0292196563486232,False,HIGH_RISK,2,MEDIUM,Lifecycle model indicates significant degradation | Current-based condition model indicates significant degradation,HardnessMean | RDOC | Current - Driving axle X L1 - mean,Schedule tool inspection before continued high-load production and prepare a replacement tool if degradation persists.,0.142857143
CNC-01,102,74,0.4379782974720001,DEGRADED,0.3658996224403381,DEGRADED,-0.0720786750316619,CONSISTENT,-0.0228570268882646,False,HIGH_RISK,2,MEDIUM,Lifecycle model indicates significant degradation | Current-based condition model indicates significant degradation,HardnessMean | RDOC | Current - Driving axle Y L1 - min,Schedule tool inspection before continued high-load production and prepare a replacement tool if degradation persists.,0.130952381
CNC-01,102,75,0.4217944741249084,DEGRADED,0.3741862177848816,DEGRADED,-0.0476082563400268,CONSISTENT,-0.0556275573864806,False,HIGH_RISK,2,MEDIUM,Lifecycle model indicates significant degradation | Current-based condition model indicates significant degradation,HardnessMean | RDOC | Current - Driving axle X L1 - mean,Schedule tool inspection before continued high-load production and prepare a replacement tool if degradation persists.,0.119047619
CNC-01,102,76,0.4170081615447998,DEGRADED,0.3551199734210968,DEGRADED,-0.061888188123703,CONSISTENT,-0.0226664377823559,False,HIGH_RISK,2,MEDIUM,Lifecycle model indicates significant degradation | Current-based condition model indicates significant degradation,HardnessMean | RDOC | Current - Driving axle Y L1 - min,Schedule tool inspection before continued high-load production and prepare a replacement tool if degradation persists.,0.107142857
CNC-01,102,77,0.4105623960494995,DEGRADED,0.3871070146560669,DEGRADED,-0.0234553813934326,CONSISTENT,-0.0217949328386412,False,HIGH_RISK,2,MEDIUM,Lifecycle model indicates significant degradation | Current-based condition model indicates significant degradation,HardnessMean | RDOC | Current - Driving axle X L1 - mean,Schedule tool inspection before continued high-load production and prepare a replacement tool if degradation persists.,0.095238095
CNC-01,102,78,0.3534272015094757,DEGRADED,0.3194589614868164,DEGRADED,-0.0339682400226593,CONSISTENT,-0.0494809766975276,False,HIGH_RISK,2,MEDIUM,Lifecycle model indicates significant degradation | Current-based condition model indicates significant degradation,HardnessMean | RDOC | Current - Driving axle X L2 - kurtosis,Schedule tool inspection before continued high-load production and prepare a replacement tool if degradation persists.,0.083333333
CNC-01,102,79,0.3858884572982788,DEGRADED,0.287105917930603,DEGRADED,-0.0987825393676757,CONSISTENT,0.0813591482178227,True,CRITICAL,3,HIGH,Lifecycle model indicates significant degradation | Current-based condition model indicates significant degradation | Electrical-current behaviour is anomalous,HardnessMean | Current - Driving axle X L2 - mean | RDOC,Hold the tool for inspection before further machining and prepare tool replacement. Review machine-current behaviour and the identified degradation drivers.,0.071428571
CNC-01,102,80,0.3946306407451629,DEGRADED,0.367210179567337,DEGRADED,-0.0274204611778259,CONSISTENT,-0.0131658300598065,False,HIGH_RISK,2,MEDIUM,Lifecycle model indicates significant degradation | Current-based condition model indicates significant degradation,HardnessMean | Current - Driving axle X L2 - mean | RDOC,Schedule tool inspection before continued high-load production and prepare a replacement tool if degradation persists.,0.05952381
CNC-01,102,81,0.3862427771091461,DEGRADED,0.2288396507501602,CRITICAL,-0.1574031263589859,CONDITION_WORSE_THAN_LIFECYCLE,0.0110676928785398,True,CRITICAL,4,HIGH,Lifecycle model indicates significant degradation | Current-based condition model indicates critical degradation | Electrical-current behaviour is anomalous | Observed condition is worse than lifecycle expectation,HardnessMean | Current - Driving axle X L2 - mean | RDOC,Hold the tool for inspection before further machining and prepare tool replacement. Review machine-current behaviour and the identified degradation drivers.,0.047619048
CNC-01,102,82,0.3967120051383972,DEGRADED,0.2746675312519073,DEGRADED,-0.1220444738864898,CONSISTENT,-0.0190194520899121,False,HIGH_RISK,2,MEDIUM,Lifecycle model indicates significant degradation | Current-based condition model indicates significant degradation,HardnessMean | Current - Driving axle X L2 - mean | RDOC,Schedule tool inspection before continued high-load production and prepare a replacement tool if degradation persists.,0.035714286
CNC-01,102,83,0.3722522258758545,DEGRADED,0.2589682340621948,DEGRADED,-0.1132839918136596,CONSISTENT,-0.0219215644573005,False,HIGH_RISK,2,MEDIUM,Lifecycle model indicates significant degradation | Current-based condition model indicates significant degradation,HardnessMean | Current - Driving axle X L2 - mean | RDOC,Schedule tool inspection before continued high-load production and prepare a replacement tool if degradation persists.,0.023809524
CNC-01,102,84,0.3871640264987945,DEGRADED,0.3458180427551269,DEGRADED,-0.0413459837436676,CONSISTENT,0.0128596105841686,True,CRITICAL,3,HIGH,Lifecycle model indicates significant degradation | Current-based condition model indicates significant degradation | Electrical-current behaviour is anomalous,HardnessMean | RDOC | Current - Driving axle X L1 - mean,Hold the tool for inspection before further machining and prepare tool replacement. Review machine-current behaviour and the identified degradation drivers.,0.011904762
CNC-01,102,85,0.2790191173553467,DEGRADED,0.3146929740905761,DEGRADED,0.0356738567352294,CONSISTENT,-0.0330978388449439,False,HIGH_RISK,2,MEDIUM,Lifecycle model indicates significant degradation | Current-based condition model indicates significant degradation,HardnessMean | Current - Driving axle X L2 - mean | RDOC,Schedule tool inspection before continued high-load production and prepare a replacement tool if degradation persists.,0.0
