MachineID,ToolIndex,NumberOfCycle,MillingToolType,ADOC,RDOC,HardnessMean,ToolHolderLength,LifecycleHealthRaw,LifecycleHealth,LifecycleBand,ConditionHealthRaw,ConditionHealth,ConditionBand,HealthGap,HealthGapState,AnomalyScore,IsAnomaly,ActualHealth,LifecycleDriver1,LifecycleDriver1_SHAP,LifecycleDriver2,LifecycleDriver2_SHAP,LifecycleDriver3,LifecycleDriver3_SHAP,LifecycleDriver4,LifecycleDriver4_SHAP,LifecycleDriver5,LifecycleDriver5_SHAP,ConditionDriver1,ConditionDriver1_SHAP,ConditionDriver2,ConditionDriver2_SHAP,ConditionDriver3,ConditionDriver3_SHAP,ConditionDriver4,ConditionDriver4_SHAP,ConditionDriver5,ConditionDriver5_SHAP
CNC-01,2,1,1,5.0,8.0,36.67,80.0,0.9189325571060181,0.9189325571060181,HEALTHY,0.7354041337966919,0.7354041337966919,EARLY_WEAR,-0.18352842330932617,CONDITION_WORSE_THAN_LIFECYCLE,-0.0750613192339451,False,1.0,Current - Driving axle X L3 - kurtosis,-0.006833283230662346,Accelerometer - X Driving axle -X - skew,-0.0063155642710626125,Current - Spindle L1 - max,-0.004188244696706533,Accelerometer - Spindle -Z - max,-0.00306853954680264,Accelerometer - X Driving axle +Z - std,-0.00269938912242651,Current - Driving axle X L3 - kurtosis,-0.060535334050655365,Current - Driving axle X L2 - kurtosis,-0.030869919806718826,Current - Spindle L1 - mean,-0.014271393418312073,Current - Spindle L2 - std,-0.008938211016356945,Current - Driving axle Z L2 - kurtosis,-0.007504168897867203
CNC-01,2,2,1,5.0,8.0,36.67,80.0,0.9148914217948914,0.9148914217948914,HEALTHY,0.6999987959861755,0.6999987959861755,EARLY_WEAR,-0.21489262580871582,CONDITION_WORSE_THAN_LIFECYCLE,-0.04663718203387518,False,0.979591837,Current - Driving axle X L3 - kurtosis,-0.006783550605177879,Accelerometer - X Driving axle -X - skew,-0.0063155642710626125,Current - Spindle L1 - max,-0.004188244696706533,Accelerometer - X Driving axle +Z - std,-0.00269938912242651,Current - Driving axle X L1 - kurtosis,-0.0024095806293189526,Current - Driving axle X L3 - kurtosis,-0.06303854286670685,Current - Driving axle X L2 - kurtosis,-0.03298982232809067,Current - Driving axle Y L1 - min,-0.022363822907209396,Current - Driving axle Z L1 - min,-0.011166430078446865,Current - Spindle L2 - std,-0.00983512494713068
CNC-01,2,3,1,5.0,8.0,36.67,80.0,0.9130944013595581,0.9130944013595581,HEALTHY,1.0364638566970825,1.0,HEALTHY,0.0869055986404419,CONSISTENT,-0.01956788933582626,False,0.959183673,Accelerometer - Spindle -Z - std,-0.008083464577794075,Accelerometer - X Driving axle -X - skew,-0.006334628444164991,Current - Spindle L1 - max,-0.004142496734857559,Accelerometer - X Driving axle +Z - std,-0.00269938912242651,Current - Driving axle X L2 - std,-0.002099949400871992,Current - Spindle L1 - mean,-0.05334293842315674,Current - Driving axle Y L2 - mean,-0.01970435120165348,Current - Driving axle Z L1 - min,-0.017250390723347664,Current - Spindle L2 - std,-0.012476187199354172,Current - Driving axle Y L1 - skew,-0.006994280032813549
CNC-01,2,4,1,5.0,8.0,36.67,80.0,0.8925761580467224,0.8925761580467224,HEALTHY,0.8610535860061646,0.8610535860061646,HEALTHY,-0.03152257204055786,CONSISTENT,-0.05291404526719151,False,0.93877551,Accelerometer - Spindle -Z - std,-0.008631913922727108,Current - Driving axle X L3 - kurtosis,-0.007502811960875988,Accelerometer - X Driving axle -X - skew,-0.005859079770743847,Current - Spindle L1 - max,-0.0039863926358520985,Current - Driving axle X L1 - kurtosis,-0.003955265041440725,Current - Driving axle X L3 - kurtosis,-0.06338703632354736,Current - Spindle L1 - mean,-0.048330072313547134,Current - Driving axle X L2 - kurtosis,-0.03428729996085167,Current - Spindle L2 - std,-0.012480010278522968,Current - Driving axle Z L2 - kurtosis,-0.009192566387355328
CNC-01,2,5,1,5.0,8.0,36.67,80.0,0.8934365510940552,0.8934365510940552,HEALTHY,0.6863119602203369,0.6863119602203369,EARLY_WEAR,-0.20712459087371826,CONDITION_WORSE_THAN_LIFECYCLE,-0.08698821990832828,False,0.918367347,Accelerometer - Spindle -Z - std,-0.012340285815298557,Accelerometer - X Driving axle -X - skew,-0.006397770252078772,Current - Driving axle X L3 - kurtosis,-0.004303386900573969,Current - Spindle L1 - max,-0.004169248975813389,Accelerometer - Spindle -Z - max,-0.003208240494132042,Current - Driving axle X L2 - kurtosis,-0.036447759717702866,Current - Driving axle X L3 - kurtosis,-0.033354613929986954,Current - Driving axle Z L1 - min,-0.014846699312329292,Current - Driving axle Y L3 - max,-0.010649889707565308,Current - Driving axle X L1 - mean,-0.010607358068227768
CNC-01,2,6,1,5.0,8.0,36.67,80.0,0.8856115937232971,0.8856115937232971,HEALTHY,0.6833502650260925,0.6833502650260925,EARLY_WEAR,-0.2022613286972046,CONDITION_WORSE_THAN_LIFECYCLE,-0.07201831786417084,False,0.897959184,Accelerometer - Spindle -Z - std,-0.013849850744009018,Accelerometer - X Driving axle -X - skew,-0.006448707077652216,Current - Driving axle X L3 - kurtosis,-0.005890830419957638,Current - Spindle L1 - max,-0.004251669626682997,Accelerometer - X Driving axle +Z - std,-0.00269938912242651,Current - Driving axle X L3 - kurtosis,-0.06564640998840332,Current - Driving axle X L2 - kurtosis,-0.037263013422489166,Current - Spindle L2 - std,-0.011061747558414936,Current - Driving axle Y L3 - max,-0.010649889707565308,Current - Driving axle Z L1 - min,-0.007568564265966415
CNC-01,2,7,1,5.0,8.0,36.67,80.0,0.864134669303894,0.864134669303894,HEALTHY,0.7676405310630798,0.7676405310630798,HEALTHY,-0.09649413824081421,CONSISTENT,-0.05171368881075156,False,0.87755102,Accelerometer - Spindle -Z - std,-0.010848496109247208,Accelerometer - X Driving axle -X - skew,-0.006534295622259378,Current - Driving axle X L3 - kurtosis,-0.006457371637225151,Current - Spindle L1 - max,-0.004169214516878128,Accelerometer - X Driving axle +Z - std,-0.00269938912242651,Current - Driving axle X L3 - kurtosis,-0.07677792757749557,Current - Driving axle X L2 - kurtosis,-0.040747255086898804,Current - Spindle L2 - std,-0.012480010278522968,Current - Driving axle Y L1 - skew,-0.011512292549014091,Current - Driving axle Y L3 - skew,-0.009143943898379803
CNC-01,2,8,1,5.0,8.0,36.67,80.0,0.854907751083374,0.854907751083374,HEALTHY,0.7644486427307129,0.7644486427307129,HEALTHY,-0.09045910835266113,CONSISTENT,0.023777337897396666,True,0.857142857,Accelerometer - Spindle -Z - std,-0.013842492364346981,Current - Driving axle X L3 - kurtosis,-0.00852561928331852,Accelerometer - X Driving axle -X - skew,-0.006649823393672705,Current - Driving axle X L1 - kurtosis,-0.004889368545264006,Current - Spindle L1 - max,-0.004240759648382664,Current - Driving axle X L3 - kurtosis,-0.06537137925624847,Current - Spindle L1 - mean,-0.05157540738582611,Current - Driving axle Z L1 - min,-0.04927010089159012,Current - Driving axle X L2 - kurtosis,-0.034479688853025436,Current - Driving axle Y L2 - mean,-0.018167495727539062
CNC-01,2,9,1,5.0,8.0,36.67,80.0,0.8206374049186707,0.8206374049186707,HEALTHY,0.6358643770217896,0.6358643770217896,EARLY_WEAR,-0.1847730278968811,CONDITION_WORSE_THAN_LIFECYCLE,-0.0858568567235507,False,0.836734694,Accelerometer - Spindle -Z - std,-0.013256906531751156,Current - Driving axle X L3 - kurtosis,-0.006913637742400169,Accelerometer - X Driving axle -X - skew,-0.006855512969195843,Current - Spindle L1 - max,-0.004169248975813389,Accelerometer - Spindle -Z - max,-0.004077476914972067,Current - Driving axle X L3 - kurtosis,-0.07374374568462372,Current - Spindle L1 - mean,-0.046910207718610764,Current - Driving axle X L2 - kurtosis,-0.03696981072425842,Current - Driving axle X L1 - mean,-0.01105620339512825,Current - Driving axle Y L3 - max,-0.010649889707565308
CNC-01,2,10,1,5.0,8.0,36.67,80.0,0.8176212310791016,0.8176212310791016,HEALTHY,0.7549339532852173,0.7549339532852173,HEALTHY,-0.06268727779388428,CONSISTENT,-0.07195579951540171,False,0.816326531,Accelerometer - Spindle -Z - std,-0.014184650033712387,Current - Driving axle X L3 - kurtosis,-0.006913637742400169,Accelerometer - X Driving axle -X - skew,-0.006723175290971994,Current - Spindle L1 - max,-0.004240759648382664,Current - Driving axle X L2 - std,-0.003732110606506467,Current - Driving axle X L3 - kurtosis,-0.07615020126104355,Current - Driving axle X L2 - kurtosis,-0.03738684579730034,Current - Spindle L2 - std,-0.012335659004747868,Current - Driving axle Y L3 - max,-0.010649889707565308,Current - Driving axle Z L1 - max,-0.007028239779174328
CNC-01,2,11,1,5.0,8.0,36.67,80.0,0.7865439057350159,0.7865439057350159,HEALTHY,0.7775261998176575,0.7775261998176575,HEALTHY,-0.009017705917358398,CONSISTENT,-0.018649339564396294,False,0.795918367,Accelerometer - Spindle -Z - std,-0.013795256614685059,Current - Driving axle X L3 - kurtosis,-0.007345229387283325,Accelerometer - X Driving axle -X - skew,-0.006990430876612663,Current - Spindle L1 - max,-0.004355000797659159,Current - Driving axle X L1 - std,-0.0033127437345683575,Current - Driving axle X L3 - kurtosis,-0.07556742429733276,Current - Driving axle X L2 - kurtosis,-0.03923160210251808,Current - Driving axle Y L2 - mean,-0.015546942129731178,Current - Spindle L3 - skew,-0.012798835523426533,Current - Driving axle Z L2 - max,-0.010798347182571888
CNC-01,2,12,1,5.0,8.0,36.67,80.0,0.7643219828605652,0.7643219828605652,HEALTHY,0.7296919226646423,0.7296919226646423,EARLY_WEAR,-0.03463006019592285,CONSISTENT,-0.00904222976102137,False,0.775510204,Accelerometer - Spindle -Z - std,-0.009888299740850925,Current - Driving axle X L3 - kurtosis,-0.008957210928201675,Accelerometer - X Driving axle -X - skew,-0.00651806965470314,Accelerometer - Spindle -Z - max,-0.006023951806128025,Current - Driving axle X L1 - kurtosis,-0.004889368545264006,Current - Driving axle X L3 - kurtosis,-0.06800828874111176,Current - Spindle L1 - mean,-0.05017445981502533,Current - Driving axle X L2 - kurtosis,-0.03923160210251808,Current - Driving axle Y L2 - mean,-0.018167495727539062,Current - Spindle L2 - std,-0.012476187199354172
CNC-01,2,13,1,5.0,8.0,36.67,80.0,0.7463228702545166,0.7463228702545166,EARLY_WEAR,0.6647371649742126,0.6647371649742126,EARLY_WEAR,-0.08158570528030396,CONSISTENT,-0.08345993134767887,False,0.755102041,Accelerometer - Spindle -Z - std,-0.013820984400808811,Current - Driving axle X L3 - kurtosis,-0.008237950503826141,Accelerometer - X Driving axle -X - skew,-0.0073517863638699055,Current - Driving axle X L2 - std,-0.004761519376188517,Accelerometer - Spindle -Z - max,-0.00462352903559804,Current - Driving axle X L3 - kurtosis,-0.06446108967065811,Current - Driving axle X L2 - kurtosis,-0.03696981072425842,Current - Driving axle Y L3 - max,-0.010649889707565308,Current - Spindle L2 - std,-0.008938211016356945,Current - Driving axle Z L2 - kurtosis,-0.007504168897867203
CNC-01,2,14,1,5.0,8.0,36.67,80.0,0.7337341904640198,0.7337341904640198,EARLY_WEAR,0.7898529171943665,0.7898529171943665,HEALTHY,0.05611872673034668,CONSISTENT,-0.0634305105366148,False,0.734693878,Accelerometer - Spindle -Z - std,-0.011780016124248505,Current - Driving axle X L3 - kurtosis,-0.008555023930966854,Accelerometer - X Driving axle -X - skew,-0.0075671132653951645,Current - Driving axle X L2 - std,-0.004761519376188517,Current - Spindle L1 - max,-0.0043939258903265,Current - Driving axle X L3 - kurtosis,-0.0566888228058815,Current - Driving axle X L2 - kurtosis,-0.0330873504281044,Current - Spindle L2 - std,-0.011061747558414936,Current - Driving axle Y L3 - max,-0.010649889707565308,Current - Driving axle Z L1 - min,-0.008669727481901646
CNC-01,2,15,1,5.0,8.0,36.67,80.0,0.7468791604042053,0.7468791604042053,EARLY_WEAR,0.8000522255897522,0.8000522255897522,HEALTHY,0.053173065185546875,CONSISTENT,-0.05212966927432361,False,0.714285714,Accelerometer - Spindle -Z - std,-0.0110611692070961,Current - Driving axle X L3 - kurtosis,-0.007662302814424038,Accelerometer - X Driving axle -X - skew,-0.00648758327588439,Current - Spindle L1 - max,-0.00417618453502655,Accelerometer - Spindle -Z - max,-0.003933827858418226,Current - Driving axle X L3 - kurtosis,-0.05805826187133789,Current - Spindle L1 - mean,-0.05341979116201401,Current - Driving axle X L2 - kurtosis,-0.0298219732940197,Current - Spindle L2 - std,-0.012335659004747868,Current - Driving axle Z L2 - max,-0.010798347182571888
CNC-01,2,16,1,5.0,8.0,36.67,80.0,0.7613215446472168,0.7613215446472168,HEALTHY,0.6009659171104431,0.6009659171104431,EARLY_WEAR,-0.16035562753677368,CONDITION_WORSE_THAN_LIFECYCLE,-0.05773230653769634,False,0.693877551,Accelerometer - Spindle -Z - std,-0.013952271081507206,Current - Driving axle X L3 - kurtosis,-0.007662302814424038,Accelerometer - X Driving axle -X - skew,-0.007292907685041428,Accelerometer - Spindle -Z - max,-0.006023951806128025,Current - Spindle L1 - max,-0.004784652963280678,Current - Driving axle X L3 - kurtosis,-0.0773291066288948,Current - Driving axle X L2 - kurtosis,-0.043214697390794754,Current - Driving axle Y L1 - min,-0.022363822907209396,Current - Spindle L2 - std,-0.012335659004747868,Current - Driving axle Y L3 - max,-0.010649889707565308
CNC-01,2,17,1,5.0,8.0,36.67,80.0,0.7192122936248779,0.7192122936248779,EARLY_WEAR,0.6075893044471741,0.6075893044471741,EARLY_WEAR,-0.11162298917770386,CONSISTENT,-0.08253814146853189,False,0.673469388,Accelerometer - Spindle -Z - std,-0.013176155276596546,Current - Driving axle X L3 - kurtosis,-0.008555023930966854,Accelerometer - X Driving axle -X - skew,-0.007548048626631498,Current - Driving axle X L2 - std,-0.004761519376188517,Accelerometer - Spindle -Z - max,-0.00462352903559804,Current - Driving axle X L3 - kurtosis,-0.06807020306587219,Current - Driving axle X L2 - kurtosis,-0.03696981072425842,Current - Driving axle Y L3 - max,-0.010649889707565308,Current - Spindle L3 - kurtosis,-0.009212641976773739,Current - Spindle L2 - std,-0.008938211016356945
CNC-01,2,18,1,5.0,8.0,36.67,80.0,0.7158700823783875,0.7158700823783875,EARLY_WEAR,0.7748130559921265,0.7748130559921265,HEALTHY,0.058942973613739014,CONSISTENT,-0.09229885132302995,False,0.653061224,Accelerometer - Spindle -Z - std,-0.013751136139035225,Current - Driving axle X L3 - kurtosis,-0.008555023930966854,Accelerometer - X Driving axle -X - skew,-0.0075671132653951645,Current - Driving axle X L1 - std,-0.007036946248263121,Current - Driving axle X L2 - std,-0.004761519376188517,Current - Driving axle X L3 - kurtosis,-0.07076878100633621,Current - Driving axle X L2 - kurtosis,-0.039865266531705856,Current - Spindle L2 - std,-0.012335659004747868,Current - Driving axle Z L2 - max,-0.010798347182571888,Current - Driving axle Y L3 - max,-0.008552209474146366
CNC-01,2,19,1,5.0,8.0,36.67,80.0,0.7081488966941833,0.7081488966941833,EARLY_WEAR,0.9391418695449829,0.9391418695449829,HEALTHY,0.23099297285079956,CONDITION_BETTER_THAN_LIFECYCLE,-0.0108134526252745,False,0.632653061,Accelerometer - Spindle -Z - std,-0.01397619303315878,Current - Driving axle X L3 - kurtosis,-0.007662302814424038,Accelerometer - X Driving axle -X - skew,-0.007224981673061848,Current - Driving axle X L2 - std,-0.0053275576792657375,Current - Spindle L1 - max,-0.004827722441405058,Current - Driving axle X L3 - kurtosis,-0.05665065720677376,Current - Driving axle Z L1 - min,-0.04677964001893997,Current - Driving axle X L2 - kurtosis,-0.03200127184391022,Current - Spindle L2 - std,-0.010964685119688511,Current - Driving axle Y L3 - max,-0.007800598628818989
CNC-01,2,21,1,5.0,8.0,36.67,80.0,0.6620115041732788,0.6620115041732788,EARLY_WEAR,0.6852924823760986,0.6852924823760986,EARLY_WEAR,0.023280978202819824,CONSISTENT,-0.07560105883871421,False,0.591836735,Accelerometer - Spindle -Z - std,-0.012378139421343803,Current - Driving axle X L3 - kurtosis,-0.00848324317485094,Accelerometer - X Driving axle -X - skew,-0.008068948052823544,Current - Driving axle X L2 - std,-0.005909315776079893,Current - Spindle L1 - max,-0.005227856803685427,Current - Driving axle X L3 - kurtosis,-0.04536224529147148,Current - Driving axle X L2 - kurtosis,-0.03785179927945137,Current - Driving axle Y L3 - max,-0.010649889707565308,Current - Spindle L3 - kurtosis,-0.009789124131202698,Current - Spindle L2 - std,-0.008938211016356945
CNC-01,2,22,1,5.0,8.0,36.67,80.0,0.6819554567337036,0.6819554567337036,EARLY_WEAR,0.6897923350334167,0.6897923350334167,EARLY_WEAR,0.007836878299713135,CONSISTENT,-0.08070306903207791,False,0.571428571,Accelerometer - Spindle -Z - std,-0.011307112872600555,Current - Driving axle X L3 - kurtosis,-0.008555023930966854,Accelerometer - X Driving axle -X - skew,-0.008009565994143486,Current - Driving axle X L1 - std,-0.007036946248263121,Current - Driving axle X L2 - std,-0.005853641778230667,Current - Driving axle X L3 - kurtosis,-0.0692555233836174,Current - Driving axle X L2 - kurtosis,-0.03696981072425842,Current - Spindle L2 - std,-0.011061747558414936,Current - Driving axle Y L3 - max,-0.010649889707565308,Current - Driving axle Z L3 - min,-0.007683163974434137
CNC-01,2,23,1,5.0,8.0,36.67,80.0,0.6204345226287842,0.6204345226287842,EARLY_WEAR,0.7054837942123413,0.7054837942123413,EARLY_WEAR,0.08504927158355713,CONSISTENT,-0.06543881341539343,False,0.551020408,Accelerometer - Spindle -Z - std,-0.011060391552746296,Current - Driving axle X L3 - kurtosis,-0.008780954405665398,Accelerometer - X Driving axle -X - skew,-0.00830134004354477,Accelerometer - Spindle +Y - kurtosis,-0.006619831547141075,Current - Driving axle X L2 - std,-0.005909315776079893,Current - Driving axle X L3 - kurtosis,-0.07046602666378021,Current - Driving axle X L2 - kurtosis,-0.03449138626456261,Current - Spindle L2 - std,-0.011061747558414936,Current - Driving axle Y L3 - max,-0.010649889707565308,Current - Spindle L2 - min,-0.006916592363268137
CNC-01,2,24,1,5.0,8.0,36.67,80.0,0.6735664010047913,0.6735664010047913,EARLY_WEAR,0.9259132742881775,0.9259132742881775,HEALTHY,0.25234687328338623,CONDITION_BETTER_THAN_LIFECYCLE,-0.03565167769248162,False,0.530612245,Current - Driving axle X L3 - kurtosis,-0.00974977295845747,Accelerometer - Spindle -Z - std,-0.008142801932990551,Accelerometer - X Driving axle -X - skew,-0.007698088884353638,Current - Spindle L1 - max,-0.005453094374388456,Current - Driving axle X L1 - kurtosis,-0.004889368545264006,Current - Driving axle X L3 - kurtosis,-0.06019354984164238,Current - Driving axle X L2 - kurtosis,-0.031056957319378853,Current - Spindle L2 - std,-0.012335659004747868,Current - Driving axle Z L1 - max,-0.007028239779174328,Current - Spindle L1 - max,-0.00612650765106082
CNC-01,2,25,1,5.0,8.0,36.67,80.0,0.6395791172981262,0.6395791172981262,EARLY_WEAR,0.6298430562019348,0.6298430562019348,EARLY_WEAR,-0.009736061096191406,CONSISTENT,-0.06940024753953905,False,0.510204082,Accelerometer - Spindle -Z - std,-0.012697309255599976,Current - Driving axle X L3 - kurtosis,-0.008626995608210564,Accelerometer - X Driving axle -X - skew,-0.008533010259270668,Current - Driving axle X L1 - std,-0.007178592029958963,Current - Spindle L1 - max,-0.0056034838780760765,Current - Driving axle X L3 - kurtosis,-0.06446108967065811,Current - Driving axle X L2 - kurtosis,-0.03696981072425842,Current - Spindle L2 - std,-0.011061747558414936,Current - Driving axle Y L3 - max,-0.010649889707565308,Current - Driving axle Z L2 - kurtosis,-0.007504168897867203
CNC-01,2,26,1,5.0,8.0,36.67,80.0,0.5357410907745361,0.5357410907745361,EARLY_WEAR,0.5739762187004089,0.5739762187004089,EARLY_WEAR,0.0382351279258728,CONSISTENT,-0.051601948613660686,False,0.489795918,Accelerometer - X Driving axle -X - skew,-0.00925335194915533,Accelerometer - Spindle -Z - std,-0.008825734257698059,Current - Driving axle X L3 - kurtosis,-0.008780954405665398,Current - Driving axle X L1 - std,-0.006988937500864267,Current - Spindle L1 - max,-0.006112499162554741,Current - Driving axle X L3 - kurtosis,-0.06807020306587219,Current - Driving axle X L2 - mean,-0.045126769691705704,Current - Driving axle X L2 - kurtosis,-0.03449138626456261,Current - Spindle L2 - std,-0.011061747558414936,Current - Driving axle Y L3 - max,-0.010649889707565308
CNC-01,2,27,1,5.0,8.0,36.67,80.0,0.521681010723114,0.521681010723114,EARLY_WEAR,0.5630934238433838,0.5630934238433838,EARLY_WEAR,0.041412413120269775,CONSISTENT,-0.06610878231596701,False,0.469387755,Accelerometer - Spindle -X - std,-0.014730113558471203,Accelerometer - X Driving axle -X - skew,-0.012905587442219257,Accelerometer - Spindle -Z - std,-0.010593547485768795,Current - Driving axle X L3 - kurtosis,-0.008780954405665398,Current - Driving axle X L1 - std,-0.008092548698186874,Current - Driving axle X L3 - kurtosis,-0.0692555233836174,Current - Driving axle X L2 - mean,-0.045126769691705704,Current - Driving axle X L2 - kurtosis,-0.03696981072425842,Current - Spindle L2 - std,-0.011061747558414936,Current - Driving axle Y L3 - max,-0.010649889707565308
CNC-01,2,28,1,5.0,8.0,36.67,80.0,0.468262642621994,0.468262642621994,DEGRADED,0.5106487274169922,0.5106487274169922,EARLY_WEAR,0.04238608479499817,CONSISTENT,-0.04380141451992303,False,0.448979592,Accelerometer - Spindle -X - std,-0.06289184838533401,Accelerometer - X Driving axle -X - skew,-0.01570921204984188,Accelerometer - Spindle -Z - std,-0.011371318250894547,Current - Driving axle X L3 - kurtosis,-0.00974977295845747,Current - Spindle L1 - max,-0.00800541415810585,Current - Driving axle X L3 - kurtosis,-0.07165557891130447,Current - Driving axle X L2 - mean,-0.045126769691705704,Current - Driving axle X L2 - kurtosis,-0.03696981072425842,Current - Driving axle Z L2 - kurtosis,-0.013221034780144691,Current - Spindle L2 - std,-0.011061747558414936
CNC-01,2,29,1,5.0,8.0,36.67,80.0,0.4300122559070587,0.4300122559070587,DEGRADED,0.5045899152755737,0.5045899152755737,EARLY_WEAR,0.07457765936851501,CONSISTENT,-0.05602046291766494,False,0.428571429,Accelerometer - Spindle -X - std,-0.0633774995803833,Accelerometer - X Driving axle -X - skew,-0.01584199070930481,Accelerometer - Spindle -Z - std,-0.012321769259870052,Current - Spindle L1 - max,-0.008939438499510288,Current - Driving axle X L3 - kurtosis,-0.008137790486216545,Current - Driving axle X L3 - kurtosis,-0.06807020306587219,Current - Driving axle X L2 - mean,-0.047306787222623825,Current - Driving axle X L2 - kurtosis,-0.03537337854504585,Current - Driving axle X L1 - mean,-0.012316075153648853,Current - Driving axle Y L3 - max,-0.010649889707565308
CNC-01,2,30,1,5.0,8.0,36.67,80.0,0.36519935727119446,0.36519935727119446,DEGRADED,0.5098316073417664,0.5098316073417664,EARLY_WEAR,0.1446322500705719,CONSISTENT,-0.01939392870529849,False,0.408163265,Accelerometer - Spindle -X - std,-0.08213649690151215,Current - Driving axle X L2 - mean,-0.026236480101943016,Accelerometer - X Driving axle -X - skew,-0.01690501719713211,Current - Spindle L1 - max,-0.009039905853569508,Current - Driving axle X L1 - std,-0.008528712205588818,Current - Driving axle X L2 - mean,-0.07042194902896881,Current - Driving axle X L3 - kurtosis,-0.06494294106960297,Current - Driving axle X L2 - kurtosis,-0.035035233944654465,Current - Driving axle Y L1 - min,-0.01258860994130373,Current - Driving axle Z L1 - min,-0.010828242637217045
CNC-01,2,31,1,5.0,8.0,36.67,80.0,0.3357076942920685,0.3357076942920685,DEGRADED,0.5131247639656067,0.5131247639656067,EARLY_WEAR,0.1774170696735382,CONDITION_BETTER_THAN_LIFECYCLE,-0.02050609223162575,False,0.387755102,Accelerometer - Spindle -X - std,-0.09629654884338379,Current - Driving axle X L2 - mean,-0.025044085457921028,Accelerometer - X Driving axle -X - skew,-0.017337707802653313,Accelerometer - Spindle -Z - std,-0.014503850601613522,Current - Driving axle X L3 - kurtosis,-0.010130436159670353,Current - Driving axle X L2 - mean,-0.07042194902896881,Current - Driving axle X L3 - kurtosis,-0.069280706346035,Current - Driving axle X L2 - kurtosis,-0.03732126206159592,Current - Driving axle Y L1 - min,-0.01258860994130373,Current - Spindle L2 - std,-0.011061747558414936
CNC-01,2,34,1,5.0,8.0,36.67,80.0,0.23776814341545105,0.23776814341545105,CRITICAL,0.3276054561138153,0.3276054561138153,DEGRADED,0.08983731269836426,CONSISTENT,0.003859607750936467,True,0.326530612,Accelerometer - Spindle -X - std,-0.10725712776184082,Current - Driving axle X L2 - mean,-0.054995644837617874,Current - Driving axle X L1 - mean,-0.026746561750769615,Accelerometer - X Driving axle -X - skew,-0.017808543518185616,Accelerometer - Spindle -Z - std,-0.01761746034026146,Current - Driving axle X L2 - mean,-0.10125873237848282,Current - Driving axle X L1 - mean,-0.07306710630655289,Current - Driving axle X L3 - kurtosis,-0.0643547773361206,Current - Driving axle X L3 - mean,-0.032499879598617554,Current - Driving axle X L2 - kurtosis,-0.031102482229471207
CNC-01,2,34,1,5.0,8.0,36.67,80.0,0.22969450056552887,0.22969450056552887,CRITICAL,0.2781608998775482,0.2781608998775482,DEGRADED,0.04846639931201935,CONSISTENT,0.010878108514670082,True,0.326530612,Accelerometer - Spindle -X - std,-0.10738785564899445,Current - Driving axle X L2 - mean,-0.05428953841328621,Current - Driving axle X L1 - mean,-0.02696855179965496,Accelerometer - X Driving axle -X - skew,-0.017808543518185616,Accelerometer - Spindle -Z - std,-0.01770240254700184,Current - Driving axle X L2 - mean,-0.0990787148475647,Current - Driving axle X L3 - kurtosis,-0.060745660215616226,Current - Driving axle X L1 - mean,-0.05735257640480995,Current - Driving axle X L1 - std,-0.03752770274877548,Current - Driving axle X L2 - kurtosis,-0.03604834899306297
CNC-01,2,35,1,5.0,8.0,36.67,80.0,0.22581510245800018,0.22581510245800018,CRITICAL,0.34942448139190674,0.34942448139190674,DEGRADED,0.12360937893390656,CONSISTENT,-0.005172515905662867,False,0.306122449,Accelerometer - Spindle -X - std,-0.1043158769607544,Current - Driving axle X L2 - mean,-0.0538485161960125,Current - Driving axle X L1 - mean,-0.03205568715929985,Accelerometer - X Driving axle -X - skew,-0.017827607691287994,Accelerometer - Spindle -Z - std,-0.017229583114385605,Current - Driving axle X L2 - mean,-0.0990787148475647,Current - Driving axle X L1 - mean,-0.06948155909776688,Current - Driving axle X L3 - kurtosis,-0.0643547773361206,Current - Driving axle X L3 - mean,-0.031919628381729126,Current - Driving axle X L2 - kurtosis,-0.031102482229471207
CNC-01,2,36,1,5.0,8.0,36.67,80.0,0.2267376184463501,0.2267376184463501,CRITICAL,0.40561643242836,0.40561643242836,DEGRADED,0.1788788139820099,CONDITION_BETTER_THAN_LIFECYCLE,-0.037313793413945084,False,0.285714286,Accelerometer - Spindle -X - std,-0.10355041921138763,Current - Driving axle X L2 - mean,-0.05406277999281883,Current - Driving axle X L1 - mean,-0.02651665173470974,Accelerometer - X Driving axle -X - skew,-0.017704805359244347,Accelerometer - Spindle -Z - std,-0.017353029921650887,Current - Driving axle X L2 - mean,-0.0990787148475647,Current - Driving axle X L3 - kurtosis,-0.05799011513590813,Current - Driving axle X L1 - mean,-0.05735257640480995,Current - Driving axle X L3 - std,-0.029501628130674362,Current - Driving axle X L3 - mean,-0.02786354161798954
CNC-01,2,37,1,5.0,8.0,36.67,80.0,0.1602400839328766,0.1602400839328766,CRITICAL,0.13924095034599304,0.13924095034599304,CRITICAL,-0.020999133586883545,CONSISTENT,0.03466806940142464,True,0.265306122,Accelerometer - Spindle -X - std,-0.11021171510219574,Current - Driving axle X L2 - mean,-0.056258946657180786,Current - Driving axle X L1 - mean,-0.04934632033109665,Current - Driving axle X L3 - mean,-0.023667143657803535,Accelerometer - X Driving axle -X - skew,-0.0175616554915905,Current - Driving axle X L2 - mean,-0.10626114904880524,Current - Driving axle X L1 - mean,-0.10577134788036346,Current - Driving axle X L3 - mean,-0.08230745047330856,Current - Driving axle X L3 - kurtosis,-0.0643547773361206,Current - Driving axle X L1 - std,-0.04445383697748184
CNC-01,2,38,1,5.0,8.0,36.67,80.0,0.16921812295913696,0.16921812295913696,CRITICAL,0.1817379891872406,0.1817379891872406,CRITICAL,0.012519866228103638,CONSISTENT,0.04450101337567258,True,0.244897959,Accelerometer - Spindle -X - std,-0.10690158605575562,Current - Driving axle X L2 - mean,-0.05427022650837898,Current - Driving axle X L1 - mean,-0.04732278734445572,NumberOfCycle,-0.019119463860988617,Accelerometer - X Driving axle -X - skew,-0.017539916560053825,Current - Driving axle X L2 - mean,-0.10408113151788712,Current - Driving axle X L1 - mean,-0.09963974356651306,Current - Driving axle X L3 - kurtosis,-0.0631205290555954,Current - Driving axle X L3 - mean,-0.06260161846876144,Current - Driving axle X L1 - std,-0.03785703703761101
CNC-01,2,39,1,5.0,8.0,36.67,80.0,0.14974287152290344,0.14974287152290344,CRITICAL,0.16753946244716644,0.16753946244716644,CRITICAL,0.017796590924263,CONSISTENT,0.028725801881888335,True,0.224489796,Accelerometer - Spindle -X - std,-0.10633288323879242,Current - Driving axle X L2 - mean,-0.05640226602554321,Current - Driving axle X L1 - mean,-0.05007452517747879,Current - Driving axle X L3 - mean,-0.023293955251574516,NumberOfCycle,-0.019109543412923813,Current - Driving axle X L1 - mean,-0.10842379927635193,Current - Driving axle X L2 - mean,-0.10626114904880524,Current - Driving axle X L3 - mean,-0.07902312278747559,Current - Driving axle X L3 - kurtosis,-0.05489015579223633,Current - Driving axle X L1 - std,-0.04478317126631737
CNC-01,2,40,1,5.0,8.0,36.67,80.0,0.1443897932767868,0.1443897932767868,CRITICAL,0.1428968906402588,0.1428968906402588,CRITICAL,-0.0014929026365280151,CONSISTENT,0.004385033239281799,True,0.204081633,Accelerometer - Spindle -X - std,-0.10704726725816727,Current - Driving axle X L2 - mean,-0.056258946657180786,Current - Driving axle X L1 - mean,-0.04969828948378563,NumberOfCycle,-0.02500041574239731,Current - Driving axle X L3 - mean,-0.023293955251574516,Current - Driving axle X L2 - mean,-0.10626114904880524,Current - Driving axle X L1 - mean,-0.10577134788036346,Current - Driving axle X L3 - mean,-0.07463729381561279,Current - Driving axle X L3 - kurtosis,-0.06087413802742958,Current - Driving axle X L1 - std,-0.04478317126631737
CNC-01,2,41,1,5.0,8.0,36.67,80.0,0.13905452191829681,0.13905452191829681,CRITICAL,0.07987017929553986,0.07987017929553986,CRITICAL,-0.05918434262275696,CONSISTENT,0.04848593569310278,True,0.183673469,Accelerometer - Spindle -X - std,-0.10765460133552551,Current - Driving axle X L2 - mean,-0.05439078062772751,Current - Driving axle X L1 - mean,-0.048552773892879486,NumberOfCycle,-0.03071451187133789,Current - Driving axle X L3 - mean,-0.023667143657803535,Current - Driving axle X L1 - mean,-0.10854804515838623,Current - Driving axle X L2 - mean,-0.10626114904880524,Current - Driving axle X L3 - mean,-0.08594395220279694,Current - Driving axle X L3 - kurtosis,-0.06548436731100082,Current - Driving axle X L1 - std,-0.04478317126631737
CNC-01,2,42,1,5.0,8.0,36.67,80.0,0.1362941414117813,0.1362941414117813,CRITICAL,0.1990751326084137,0.1990751326084137,CRITICAL,0.06278099119663239,CONSISTENT,0.061448791650818624,True,0.163265306,Accelerometer - Spindle -X - std,-0.10712829977273941,Current - Driving axle X L2 - mean,-0.05439078062772751,Current - Driving axle X L1 - mean,-0.04790189489722252,NumberOfCycle,-0.03250943124294281,Current - Driving axle X L3 - mean,-0.023667143657803535,Current - Driving axle X L1 - mean,-0.10589559376239777,Current - Driving axle X L2 - mean,-0.10408113151788712,Current - Driving axle X L3 - mean,-0.07992708683013916,Current - Driving axle X L3 - kurtosis,-0.0572650246322155,Current - Driving axle X L1 - std,-0.0456305593252182
CNC-01,2,43,1,5.0,8.0,36.67,80.0,0.14548514783382416,0.14548514783382416,CRITICAL,0.03370986133813858,0.03370986133813858,CRITICAL,-0.11177528649568558,CONSISTENT,0.056047791839368255,True,0.142857143,Accelerometer - Spindle -X - std,-0.10638055205345154,Current - Driving axle X L2 - mean,-0.05409834533929825,Current - Driving axle X L1 - mean,-0.048552773892879486,NumberOfCycle,-0.030572861433029175,Current - Driving axle X L3 - mean,-0.023207811638712883,Current - Driving axle X L2 - mean,-0.10626114904880524,Current - Driving axle X L1 - mean,-0.10589559376239777,Current - Driving axle X L3 - mean,-0.08629714697599411,Current - Driving axle X L3 - kurtosis,-0.0631205290555954,Current - Driving axle X L3 - std,-0.04720316082239151
CNC-01,2,44,1,5.0,8.0,36.67,80.0,0.14548514783382416,0.14548514783382416,CRITICAL,0.022840868681669235,0.022840868681669235,CRITICAL,-0.12264427915215492,CONSISTENT,0.03561169208303394,True,0.12244898,Accelerometer - Spindle -X - std,-0.10425421595573425,Current - Driving axle X L2 - mean,-0.054247453808784485,Current - Driving axle X L1 - mean,-0.048552773892879486,NumberOfCycle,-0.03393290564417839,Current - Driving axle X L3 - mean,-0.023207811638712883,Current - Driving axle X L1 - mean,-0.10854804515838623,Current - Driving axle X L2 - mean,-0.10408113151788712,Current - Driving axle X L3 - mean,-0.08748338371515274,Current - Driving axle X L3 - kurtosis,-0.06548436731100082,Current - Driving axle X L3 - std,-0.04720316082239151
CNC-01,2,45,1,5.0,8.0,36.67,80.0,0.13825584948062897,0.13825584948062897,CRITICAL,0.05483463034033775,0.05483463034033775,CRITICAL,-0.08342121914029121,CONSISTENT,0.053447156626907355,True,0.102040816,Accelerometer - Spindle -X - std,-0.10496944934129715,Current - Driving axle X L2 - mean,-0.05382872745394707,Current - Driving axle X L1 - mean,-0.048552773892879486,NumberOfCycle,-0.03404815122485161,Current - Driving axle X L3 - mean,-0.023667143657803535,Current - Driving axle X L2 - mean,-0.10626114904880524,Current - Driving axle X L1 - mean,-0.10577134788036346,Current - Driving axle X L3 - mean,-0.08465829491615295,Current - Driving axle X L3 - kurtosis,-0.0631205290555954,Current - Driving axle X L3 - std,-0.04720316082239151
CNC-01,2,46,1,5.0,8.0,36.67,80.0,0.13942387700080872,0.13942387700080872,CRITICAL,0.14209520816802979,0.14209520816802979,CRITICAL,0.0026713311672210693,CONSISTENT,0.06321819870823464,True,0.081632653,Accelerometer - Spindle -X - std,-0.10486015677452087,Current - Driving axle X L2 - mean,-0.0537576898932457,Current - Driving axle X L1 - mean,-0.048552773892879486,NumberOfCycle,-0.0364791639149189,Current - Driving axle X L3 - mean,-0.023667143657803535,Current - Driving axle X L1 - mean,-0.10842379927635193,Current - Driving axle X L2 - mean,-0.10626114904880524,Current - Driving axle X L3 - mean,-0.0811995267868042,Current - Driving axle X L3 - kurtosis,-0.061875250190496445,Current - Driving axle X L1 - std,-0.04625752195715904
CNC-01,2,47,1,5.0,8.0,36.67,80.0,0.14665718376636505,0.14665718376636505,CRITICAL,0.08830748498439789,0.08830748498439789,CRITICAL,-0.05834969878196716,CONSISTENT,0.07388891221209792,True,0.06122449,Accelerometer - Spindle -X - std,-0.10270778834819794,Current - Driving axle X L2 - mean,-0.052771762013435364,Current - Driving axle X L1 - mean,-0.048552773892879486,NumberOfCycle,-0.036682434380054474,Current - Driving axle X L3 - mean,-0.023207811638712883,Current - Driving axle X L1 - mean,-0.10842379927635193,Current - Driving axle X L2 - mean,-0.10117565840482712,Current - Driving axle X L3 - mean,-0.0811995267868042,Current - Driving axle X L3 - kurtosis,-0.06306057423353195,Current - Driving axle X L1 - std,-0.058329347521066666
CNC-01,2,48,1,5.0,8.0,36.67,80.0,0.14160171151161194,0.14160171151161194,CRITICAL,0.00033324770629405975,0.00033324770629405975,CRITICAL,-0.14126846380531788,CONSISTENT,0.06008431580271778,True,0.040816327,Accelerometer - Spindle -X - std,-0.10153384506702423,Current - Driving axle X L2 - mean,-0.052771762013435364,NumberOfCycle,-0.046343229711055756,Current - Driving axle X L1 - mean,-0.04631367698311806,Current - Driving axle X L3 - mean,-0.023207811638712883,Current - Driving axle X L2 - mean,-0.10626114904880524,Current - Driving axle X L1 - mean,-0.10207802057266235,Current - Driving axle X L3 - mean,-0.08975591510534286,Current - Driving axle X L3 - kurtosis,-0.06672964245080948,Current - Driving axle X L3 - std,-0.04422961547970772
CNC-01,2,49,1,5.0,8.0,35.33,80.0,0.12718217074871063,0.12718217074871063,CRITICAL,0.1376575529575348,0.1376575529575348,CRITICAL,0.010475382208824158,CONSISTENT,0.055070111515178044,True,0.020408163,Accelerometer - Spindle -X - std,-0.10135011374950409,NumberOfCycle,-0.061574507504701614,Current - Driving axle X L2 - mean,-0.05065733194351196,Current - Driving axle X L1 - mean,-0.045791421085596085,Current - Driving axle X L3 - mean,-0.022826526314020157,Current - Driving axle X L1 - mean,-0.10577134788036346,Current - Driving axle X L2 - mean,-0.10408113151788712,Current - Driving axle X L3 - mean,-0.0837167501449585,Current - Driving axle X L1 - std,-0.04625752195715904,Current - Driving axle X L3 - std,-0.04041486606001854
CNC-01,2,50,1,5.0,8.0,35.33,80.0,0.372126042842865,0.372126042842865,DEGRADED,0.47654008865356445,0.47654008865356445,DEGRADED,0.10441404581069946,CONSISTENT,0.043102852633166044,True,0.0,Accelerometer - Spindle -X - std,-0.07396304607391357,NumberOfCycle,-0.05702292174100876,Current - Driving axle X L2 - mean,-0.015904508531093597,Current - Spindle L1 - max,-0.015672054141759872,Accelerometer - Spindle -Z - std,-0.01154609676450491,Current - Spindle L1 - mean,-0.06538590788841248,Current - Driving axle X L2 - mean,-0.05185352638363838,Current - Driving axle X L2 - std,-0.043416187167167664,Current - Driving axle X L1 - std,-0.04082861170172691,Current - Spindle L3 - skew,-0.024475079029798508
CNC-01,11,1,1,10.0,4.5,37.17,160.0,0.7204151749610901,0.7204151749610901,EARLY_WEAR,0.726752519607544,0.726752519607544,EARLY_WEAR,0.006337344646453857,CONSISTENT,-0.051850357648888845,False,0.0,Accelerometer - Spindle -X - std,-0.09675141423940659,Accelerometer - Spindle -Z - std,-0.011784031987190247,Current - Spindle L1 - max,-0.006653795018792152,Accelerometer - Spindle -X - max,-0.003974821884185076,Accelerometer - Spindle -Z - skew,-0.0030091009102761745,RDOC,-0.04014388099312782,Current - Driving axle Y L1 - min,-0.02614394761621952,Current - Driving axle X L3 - kurtosis,-0.017115624621510506,Current - Spindle L3 - kurtosis,-0.006989176385104656,Current - Driving axle Y L1 - skew,-0.006868367549031973
CNC-01,102,1,2,5.0,4.5,38.33,80.0,0.953205943107605,0.953205943107605,HEALTHY,0.7859368920326233,0.7859368920326233,HEALTHY,-0.1672690510749817,CONDITION_WORSE_THAN_LIFECYCLE,-0.03213072191439309,False,1.0,HardnessMean,-0.004662206396460533,Current - Spindle L1 - max,-0.003919679205864668,Accelerometer - X Driving axle -X - skew,-0.0038594743236899376,MillingToolType,-0.0019337518606334925,Accelerometer - Spindle -X - mean,-0.0019224321004003286,HardnessMean,-0.06773750483989716,Current - Spindle L1 - mean,-0.031600918620824814,RDOC,-0.029147589579224586,Current - Driving axle Y L1 - skew,-0.011512292549014091,Current - Driving axle Z L2 - max,-0.01088695414364338
CNC-01,102,2,2,5.0,4.5,38.33,80.0,0.9556654691696167,0.9556654691696167,HEALTHY,0.8102760910987854,0.8102760910987854,HEALTHY,-0.1453893780708313,CONSISTENT,-0.0641878312450262,False,0.988095238,HardnessMean,-0.004081084858626127,MillingToolType,-0.002170626539736986,Accelerometer - X Driving axle +Z - min,-0.0005716872401535511,Current - Driving axle Y L3 - min,-0.0005036077927798033,Current - Driving axle Y L1 - min,-0.0001620529656065628,HardnessMean,-0.05515487864613533,RDOC,-0.03660845011472702,Current - Driving axle Y L2 - min,-0.008434398099780083,Current - Driving axle Y L3 - min,-0.007952338084578514,Current - Driving axle X L2 - skew,-0.0063900453969836235
CNC-01,102,3,2,5.0,4.5,38.33,80.0,0.9536774754524231,0.9536774754524231,HEALTHY,0.8250569701194763,0.8250569701194763,HEALTHY,-0.12862050533294678,CONSISTENT,-0.025171239884018537,False,0.976190476,HardnessMean,-0.004081084858626127,MillingToolType,-0.002170626539736986,Accelerometer - Spindle -X - mean,-0.002020033309236169,Accelerometer - X Driving axle +Z - min,-0.0005716872401535511,Current - Driving axle Y L3 - min,-0.0004805144853889942,HardnessMean,-0.058598581701517105,RDOC,-0.0340733528137207,Current - Driving axle X L2 - kurtosis,-0.018728120252490044,Current - Driving axle Y L1 - min,-0.018061703070998192,Current - Driving axle Z L3 - min,-0.008370756171643734
CNC-01,102,4,2,5.0,4.5,38.33,80.0,0.9536774754524231,0.9536774754524231,HEALTHY,0.8530505895614624,0.8530505895614624,HEALTHY,-0.1006268858909607,CONSISTENT,-0.006721659102452482,False,0.964285714,HardnessMean,-0.004081084858626127,Accelerometer - Spindle -X - mean,-0.002020033309236169,MillingToolType,-0.0019337518606334925,Accelerometer - X Driving axle +Z - min,-0.0005716872401535511,Current - Driving axle Y L3 - min,-0.0004805144853889942,HardnessMean,-0.058598581701517105,RDOC,-0.0340733528137207,Current - Driving axle Y L1 - min,-0.01527570839971304,Current - Driving axle Y L2 - min,-0.012968181632459164,Current - Driving axle Y L2 - mean,-0.00899968296289444
CNC-01,102,6,2,5.0,4.5,38.33,80.0,0.9494289755821228,0.9494289755821228,HEALTHY,0.8305544257164001,0.8305544257164001,HEALTHY,-0.11887454986572266,CONSISTENT,-0.06344663036773524,False,0.94047619,HardnessMean,-0.004162937868386507,MillingToolType,-0.0019337518606334925,Accelerometer - Y Driving axle +Z - skew,-0.0005715028382837772,Current - Driving axle Y L2 - skew,-0.0005308269173838198,Current - Driving axle Y L3 - min,-0.00018621145864017308,HardnessMean,-0.05706871300935745,RDOC,-0.0340733528137207,Current - Spindle L3 - skew,-0.022083811461925507,Current - Spindle L1 - mean,-0.015336661599576473,Current - Driving axle Y L2 - min,-0.008434398099780083
CNC-01,102,7,2,5.0,4.5,38.33,80.0,0.9248117804527283,0.9248117804527283,HEALTHY,0.8173770904541016,0.8173770904541016,HEALTHY,-0.10743468999862671,CONSISTENT,0.026642611523650772,True,0.928571429,HardnessMean,-0.004162937868386507,MillingToolType,-0.002338975202292204,Current - Driving axle Y L2 - kurtosis,-0.002099124249070883,Accelerometer - X Driving axle +Z - min,-0.0005716872401535511,Current - Driving axle Y L3 - min,-0.00036777378409169614,HardnessMean,-0.054511331021785736,RDOC,-0.03403610363602638,Current - Driving axle Y L2 - max,-0.03369215130805969,Current - Spindle L1 - mean,-0.017721522599458694,Current - Driving axle Y L2 - min,-0.014806976541876793
CNC-01,102,8,2,5.0,4.5,38.33,80.0,0.9193296432495117,0.9193296432495117,HEALTHY,0.7098861336708069,0.7098861336708069,EARLY_WEAR,-0.20944350957870483,CONDITION_WORSE_THAN_LIFECYCLE,-0.010799866978752182,False,0.916666667,HardnessMean,-0.004734945949167013,Current - Spindle L1 - max,-0.003927847370505333,MillingToolType,-0.00210210052318871,Current - Driving axle Y L2 - skew,-0.0005308269173838198,Current - Spindle L3 - max,-0.00044567225268110633,HardnessMean,-0.06787952035665512,Current - Spindle L1 - mean,-0.03651909530162811,RDOC,-0.03352790325880051,Current - Spindle L3 - skew,-0.015803800895810127,Current - Driving axle Y L1 - skew,-0.006868367549031973
CNC-01,102,9,2,5.0,4.5,38.33,80.0,0.9037874937057495,0.9037874937057495,HEALTHY,0.6750675439834595,0.6750675439834595,EARLY_WEAR,-0.22871994972229004,CONDITION_WORSE_THAN_LIFECYCLE,-0.04743723409447903,False,0.904761905,HardnessMean,-0.004268131218850613,Accelerometer - Spindle -X - mean,-0.0023631907533854246,MillingToolType,-0.00210210052318871,Current - Driving axle Y L3 - min,-0.0007053554872982204,Accelerometer - X Driving axle +Z - min,-0.0005716872401535511,HardnessMean,-0.05836229771375656,RDOC,-0.03748711943626404,Current - Driving axle Y L1 - min,-0.02732391655445099,Current - Driving axle X L2 - kurtosis,-0.015577118843793869,Current - Driving axle Y L3 - min,-0.011320208199322224
CNC-01,102,10,2,5.0,4.5,38.33,80.0,0.9037593603134155,0.9037593603134155,HEALTHY,0.7680744528770447,0.7680744528770447,HEALTHY,-0.13568490743637085,CONSISTENT,-0.03182303256245461,False,0.892857143,HardnessMean,-0.004268131218850613,MillingToolType,-0.002338975202292204,Accelerometer - X Driving axle +Z - min,-0.0005716872401535511,Current - Driving axle Y L3 - min,-0.0005262944614514709,Accelerometer - X Driving axle +Z - max,-0.00028048219974152744,HardnessMean,-0.05906328186392784,RDOC,-0.03696325048804283,Current - Driving axle Y L1 - min,-0.01527570839971304,Current - Driving axle Y L2 - min,-0.012968181632459164,Current - Driving axle Z L2 - min,-0.00855742022395134
CNC-01,102,11,2,5.0,4.5,38.33,80.0,0.8809072971343994,0.8809072971343994,HEALTHY,0.7747263312339783,0.7747263312339783,HEALTHY,-0.10618096590042114,CONSISTENT,-0.0659462469436708,False,0.880952381,HardnessMean,-0.004370648879557848,MillingToolType,-0.00210210052318871,Accelerometer - X Driving axle +Z - min,-0.0005716872401535511,Current - Driving axle Y L3 - min,-0.0004476953763514757,Current - Driving axle Y L2 - skew,-0.00043135927990078926,HardnessMean,-0.05748338624835014,RDOC,-0.036298975348472595,Current - Driving axle Y L1 - min,-0.01527570839971304,Current - Driving axle Z L2 - min,-0.00855742022395134,Current - Driving axle Y L1 - skew,-0.00851147435605526
CNC-01,102,12,2,5.0,4.5,38.33,80.0,0.8625818490982056,0.8625818490982056,HEALTHY,0.7204692959785461,0.7204692959785461,EARLY_WEAR,-0.14211255311965942,CONSISTENT,-0.05981780481401672,False,0.869047619,HardnessMean,-0.004370648879557848,Accelerometer - Spindle -X - mean,-0.0029671320226043463,MillingToolType,-0.00210210052318871,Current - Driving axle Y L3 - min,-0.0006267564604058862,Accelerometer - X Driving axle +Z - min,-0.0005716872401535511,HardnessMean,-0.059326667338609695,RDOC,-0.03784191980957985,Current - Driving axle Y L2 - min,-0.008434398099780083,Current - Driving axle Z L2 - min,-0.007675429806113243,Current - Driving axle X L2 - skew,-0.0063900453969836235
CNC-01,102,13,2,5.0,4.5,38.33,80.0,0.8647838830947876,0.8647838830947876,HEALTHY,0.7589594721794128,0.7589594721794128,HEALTHY,-0.10582441091537476,CONSISTENT,-0.01630210738262239,False,0.857142857,HardnessMean,-0.004370648879557848,MillingToolType,-0.002338975202292204,Accelerometer - X Driving axle +Z - min,-0.0005716872401535511,Current - Driving axle Y L3 - min,-0.00031186139676719904,Accelerometer - X Driving axle +Z - max,-0.00028048219974152744,HardnessMean,-0.05882904678583145,RDOC,-0.03526957333087921,Current - Driving axle Y L1 - min,-0.013531860895454884,Current - Driving axle Y L2 - mean,-0.012556887231767178,Current - Driving axle Z L2 - min,-0.011738450266420841
CNC-01,102,14,2,5.0,4.5,38.33,80.0,0.8530040979385376,0.8530040979385376,HEALTHY,0.8246231079101562,0.8246231079101562,HEALTHY,-0.028380990028381348,CONSISTENT,0.0012111574247334889,True,0.845238095,HardnessMean,-0.004370648879557848,Accelerometer - Spindle -X - mean,-0.0026544102001935244,MillingToolType,-0.002338975202292204,Current - Driving axle Y L3 - min,-0.0006267564604058862,Accelerometer - X Driving axle +Z - min,-0.0005716872401535511,HardnessMean,-0.05625307932496071,RDOC,-0.03403610363602638,Current - Driving axle Y L2 - min,-0.013233929872512817,Current - Driving axle Z L2 - min,-0.009588113985955715,Current - Driving axle Y L2 - mean,-0.00899968296289444
CNC-01,102,15,2,5.0,4.5,38.33,80.0,0.8494797348976135,0.8494797348976135,HEALTHY,0.7314065098762512,0.7314065098762512,EARLY_WEAR,-0.1180732250213623,CONSISTENT,-0.06929377996360303,False,0.833333333,HardnessMean,-0.004936599172651768,Current - Spindle L1 - max,-0.004144356586039066,MillingToolType,-0.00210210052318871,Current - Driving axle Z L1 - mean,-0.0007325104670599103,Accelerometer - Y Driving axle +Z - skew,-0.0006216440815478563,HardnessMean,-0.0710010826587677,RDOC,-0.036100249737501144,Current - Spindle L1 - mean,-0.030373862013220787,Current - Driving axle Z L3 - min,-0.006188756786286831,Current - Driving axle Y L2 - kurtosis,-0.004981939680874348
CNC-01,102,16,2,5.0,4.5,38.33,80.0,0.8448392748832703,0.8448392748832703,HEALTHY,0.7300910949707031,0.7300910949707031,EARLY_WEAR,-0.11474817991256714,CONSISTENT,-0.05713898511122373,False,0.821428571,HardnessMean,-0.004370648879557848,MillingToolType,-0.0022151395678520203,Accelerometer - X Driving axle +Z - min,-0.0005716872401535511,Current - Driving axle Y L3 - min,-0.0005262944614514709,Accelerometer - X Driving axle +Z - max,-0.00028048219974152744,HardnessMean,-0.05851347744464874,RDOC,-0.03660845011472702,Current - Driving axle X L2 - kurtosis,-0.018728120252490044,Current - Driving axle Y L1 - min,-0.018061703070998192,Current - Driving axle Y L2 - min,-0.008168649859726429
CNC-01,102,17,2,5.0,4.5,38.33,80.0,0.8340544104576111,0.8340544104576111,HEALTHY,0.7928541302680969,0.7928541302680969,HEALTHY,-0.04120028018951416,CONSISTENT,-0.05153382696532388,False,0.80952381,HardnessMean,-0.004370648879557848,MillingToolType,-0.00210210052318871,Accelerometer - X Driving axle +Z - min,-0.0005716872401535511,Current - Driving axle Y L3 - min,-0.0004476953763514757,Current - Driving axle Y L2 - skew,-0.00043135927990078926,HardnessMean,-0.05771967023611069,RDOC,-0.0340733528137207,Current - Driving axle Y L1 - min,-0.018061703070998192,Current - Driving axle X L2 - kurtosis,-0.013185065239667892,Current - Driving axle Y L2 - min,-0.012968181632459164
CNC-01,102,18,2,5.0,4.5,38.33,80.0,0.8263686895370483,0.8263686895370483,HEALTHY,0.7764992713928223,0.7764992713928223,HEALTHY,-0.049869418144226074,CONSISTENT,-0.06768218844150775,False,0.797619048,HardnessMean,-0.004370648879557848,Accelerometer - Spindle -X - mean,-0.0029671320226043463,MillingToolType,-0.00210210052318871,Current - Driving axle Y L3 - min,-0.0006267564604058862,Accelerometer - X Driving axle +Z - min,-0.0005716872401535511,HardnessMean,-0.05647912248969078,RDOC,-0.03748711943626404,Current - Driving axle Y L1 - min,-0.01527570839971304,Current - Driving axle Y L2 - mean,-0.012556887231767178,Current - Driving axle Y L2 - min,-0.008434398099780083
CNC-01,102,19,2,5.0,4.5,38.33,80.0,0.8260369896888733,0.8260369896888733,HEALTHY,0.7974463105201721,0.7974463105201721,HEALTHY,-0.028590679168701172,CONSISTENT,-0.06172607036981326,False,0.785714286,HardnessMean,-0.004393894225358963,MillingToolType,-0.00210210052318871,Accelerometer - X Driving axle +Z - min,-0.0005716872401535511,Current - Driving axle Y L2 - skew,-0.00043135927990078926,Current - Driving axle Y L3 - min,-0.00031186139676719904,HardnessMean,-0.057950135320425034,RDOC,-0.034657832235097885,Current - Driving axle Y L1 - min,-0.013531860895454884,Current - Driving axle Y L2 - min,-0.0070387437008321285,Current - Driving axle X L2 - skew,-0.0063900453969836235
CNC-01,102,20,2,5.0,4.5,38.33,80.0,0.8179288506507874,0.8179288506507874,HEALTHY,0.7992794513702393,0.7992794513702393,HEALTHY,-0.018649399280548096,CONSISTENT,-0.04378815209531689,False,0.773809524,HardnessMean,-0.004474795423448086,MillingToolType,-0.00210210052318871,Accelerometer - X Driving axle +Z - min,-0.0005716872401535511,Current - Driving axle Y L2 - skew,-0.0004793452681042254,Current - Driving axle Y L3 - min,-0.00035217340337112546,HardnessMean,-0.058954399079084396,RDOC,-0.034657832235097885,Current - Driving axle Y L1 - min,-0.013531860895454884,Current - Driving axle Y L2 - min,-0.0070387437008321285,Current - Driving axle X L2 - skew,-0.0063900453969836235
CNC-01,102,21,2,5.0,4.5,38.33,80.0,0.807763397693634,0.807763397693634,HEALTHY,0.838184654712677,0.838184654712677,HEALTHY,0.03042125701904297,CONSISTENT,-0.011428859237516076,False,0.761904762,HardnessMean,-0.004752667620778084,Accelerometer - Spindle -X - mean,-0.0031598981004208326,MillingToolType,-0.00210210052318871,Current - Driving axle Y L3 - min,-0.0006670684088021517,Accelerometer - X Driving axle +Z - min,-0.0005716872401535511,HardnessMean,-0.05646137893199921,RDOC,-0.0337710864841938,Current - Driving axle Y L1 - min,-0.01527570839971304,Current - Driving axle Y L2 - min,-0.01183827593922615,Current - Driving axle Y L2 - mean,-0.00899968296289444
CNC-01,102,22,2,5.0,4.5,38.33,80.0,0.7940611243247986,0.7940611243247986,HEALTHY,0.7629286050796509,0.7629286050796509,HEALTHY,-0.031132519245147705,CONSISTENT,-0.05933114752953439,False,0.75,HardnessMean,-0.006146046333014965,Current - Spindle L1 - max,-0.004698327276855707,Accelerometer - Spindle -X - mean,-0.0025709972251206636,MillingToolType,-0.00210210052318871,Current - Driving axle Z L1 - mean,-0.0007325104670599103,HardnessMean,-0.07114031165838242,RDOC,-0.036100249737501144,Current - Spindle L1 - mean,-0.02902560494840145,Current - Driving axle Y L1 - skew,-0.006868367549031973,Current - Driving axle Z L1 - max,-0.0044035655446350574
CNC-01,102,23,2,5.0,4.5,38.33,80.0,0.7971440553665161,0.7971440553665161,HEALTHY,0.7052119970321655,0.7052119970321655,EARLY_WEAR,-0.09193205833435059,CONSISTENT,-0.04618354910192296,False,0.738095238,HardnessMean,-0.004992462228983641,Accelerometer - Spindle -X - mean,-0.0031598981004208326,MillingToolType,-0.0012956864666193724,Current - Driving axle X L1 - kurtosis,-0.0007189607713371515,Current - Driving axle Y L3 - min,-0.0006670684088021517,HardnessMean,-0.05692019686102867,Current - Driving axle X L2 - kurtosis,-0.03593868017196655,RDOC,-0.0340733528137207,Current - Driving axle X L3 - kurtosis,-0.023027930408716202,Current - Driving axle Y L1 - min,-0.018061703070998192
CNC-01,102,24,2,5.0,4.5,38.33,80.0,0.8041568398475647,0.8041568398475647,HEALTHY,0.7362546324729919,0.7362546324729919,EARLY_WEAR,-0.06790220737457275,CONSISTENT,-0.07399005789813623,False,0.726190476,HardnessMean,-0.005078564397990704,MillingToolType,-0.002338975202292204,Accelerometer - X Driving axle +Z - min,-0.0005716872401535511,Current - Driving axle Y L3 - min,-0.0005666064098477364,Accelerometer - X Driving axle +Z - max,-0.00028048219974152744,HardnessMean,-0.06166974455118179,RDOC,-0.03784191980957985,Current - Driving axle Y L1 - min,-0.01527570839971304,Current - Driving axle Z L2 - min,-0.007311700843274593,Current - Driving axle X L2 - skew,-0.006978606339544058
CNC-01,102,25,2,5.0,4.5,38.33,80.0,0.8034605979919434,0.8034605979919434,HEALTHY,0.7095076441764832,0.7095076441764832,EARLY_WEAR,-0.0939529538154602,CONSISTENT,-0.07075845793660401,False,0.714285714,HardnessMean,-0.005078564397990704,MillingToolType,-0.0022151395678520203,Accelerometer - X Driving axle +Z - min,-0.0005716872401535511,Current - Driving axle Y L2 - skew,-0.00043135927990078926,Current - Driving axle Y L3 - min,-0.00035217340337112546,HardnessMean,-0.06273200362920761,RDOC,-0.03784191980957985,Current - Driving axle Y L1 - min,-0.01527570839971304,Current - Driving axle Z L2 - min,-0.007311700843274593,Current - Driving axle X L2 - skew,-0.0063900453969836235
CNC-01,102,26,2,5.0,4.5,38.33,80.0,0.7971494793891907,0.7971494793891907,HEALTHY,0.6323440074920654,0.6323440074920654,EARLY_WEAR,-0.16480547189712524,CONDITION_WORSE_THAN_LIFECYCLE,-0.009741409150980873,False,0.702380952,HardnessMean,-0.005078564397990704,Accelerometer - Spindle -X - mean,-0.0031598981004208326,MillingToolType,-0.00210210052318871,Current - Driving axle Y L3 - min,-0.0006670684088021517,Current - Driving axle Y L2 - skew,-0.0005161155131645501,HardnessMean,-0.06360120326280594,RDOC,-0.03723017871379852,Current - Driving axle Y L1 - min,-0.018061703070998192,Current - Driving axle Y L1 - skew,-0.00851147435605526,Current - Driving axle Z L2 - min,-0.007311700843274593
CNC-01,102,27,2,5.0,4.5,38.33,80.0,0.7912729382514954,0.7912729382514954,HEALTHY,0.7594509720802307,0.7594509720802307,HEALTHY,-0.03182196617126465,CONSISTENT,-0.019169203482558905,False,0.69047619,HardnessMean,-0.005177787505090237,MillingToolType,-0.00210210052318871,Accelerometer - X Driving axle +Z - min,-0.0005716872401535511,Current - Driving axle Y L3 - min,-0.00048800738295540214,Current - Driving axle Y L2 - skew,-0.00043135927990078926,HardnessMean,-0.05823945626616478,RDOC,-0.034960098564624786,Current - Driving axle Y L1 - min,-0.013531860895454884,Current - Driving axle Y L2 - mean,-0.012556887231767178,Current - Driving axle Z L2 - min,-0.011738450266420841
CNC-01,102,28,2,5.0,4.5,38.33,80.0,0.7464743852615356,0.7464743852615356,EARLY_WEAR,0.7257698178291321,0.7257698178291321,EARLY_WEAR,-0.020704567432403564,CONSISTENT,0.06947525292746815,True,0.678571429,Accelerometer - Spindle -Z - max,-0.007220895029604435,HardnessMean,-0.006974371615797281,Current - Spindle L1 - max,-0.005546674132347107,MillingToolType,-0.00210210052318871,Current - Spindle L3 - max,-0.0007604308193549514,HardnessMean,-0.06725112348794937,RDOC,-0.0346854031085968,Current - Driving axle Y L1 - min,-0.01957782544195652,Current - Spindle L3 - skew,-0.011648259125649929,Current - Driving axle Z L2 - max,-0.010798347182571888
CNC-01,102,29,2,5.0,4.5,38.33,80.0,0.7568981051445007,0.7568981051445007,HEALTHY,0.6118603348731995,0.6118603348731995,EARLY_WEAR,-0.14503777027130127,CONSISTENT,-0.0014561364057986692,False,0.666666667,HardnessMean,-0.006198842544108629,Current - Spindle L1 - max,-0.005284667015075684,Accelerometer - Spindle -X - mean,-0.002112829592078924,MillingToolType,-0.00210210052318871,Current - Spindle L3 - max,-0.0007604308193549514,HardnessMean,-0.06589313596487045,RDOC,-0.036100249737501144,Current - Spindle L3 - skew,-0.021260762587189674,Current - Spindle L1 - mean,-0.017721522599458694,Current - Spindle L2 - kurtosis,-0.007827568799257278
CNC-01,102,30,2,5.0,4.5,38.33,80.0,0.7802034616470337,0.7802034616470337,HEALTHY,0.6738033294677734,0.6738033294677734,EARLY_WEAR,-0.10640013217926025,CONSISTENT,-0.05366159096658424,False,0.654761905,HardnessMean,-0.005230267532169819,MillingToolType,-0.002338975202292204,Accelerometer - X Driving axle +Z - min,-0.0005716872401535511,Current - Driving axle Y L3 - min,-0.0005666064098477364,Accelerometer - X Driving axle +Z - max,-0.00028048219974152744,HardnessMean,-0.06032736971974373,RDOC,-0.03784191980957985,Current - Driving axle X L2 - kurtosis,-0.018728120252490044,Current - Driving axle Y L1 - min,-0.018061703070998192,Current - Driving axle Z L3 - min,-0.007170419208705425
CNC-01,102,31,2,5.0,4.5,38.33,80.0,0.7759690880775452,0.7759690880775452,HEALTHY,0.723832905292511,0.723832905292511,EARLY_WEAR,-0.05213618278503418,CONSISTENT,-0.06225703779522096,False,0.642857143,HardnessMean,-0.004930044524371624,MillingToolType,-0.00210210052318871,Accelerometer - X Driving axle +Z - min,-0.0005716872401535511,Current - Driving axle Y L2 - skew,-0.0004828409291803837,Current - Driving axle Y L3 - min,-0.00038504411350004375,HardnessMean,-0.0581509992480278,RDOC,-0.03660845011472702,Current - Driving axle X L2 - kurtosis,-0.014703229069709778,Current - Driving axle Z L3 - min,-0.007170419208705425,Current - Driving axle Y L2 - min,-0.007058094255626202
CNC-01,102,32,2,5.0,4.5,38.33,80.0,0.7802034616470337,0.7802034616470337,HEALTHY,0.7057015895843506,0.7057015895843506,EARLY_WEAR,-0.0745018720626831,CONSISTENT,-0.045675262631977465,False,0.630952381,HardnessMean,-0.005230267532169819,MillingToolType,-0.00210210052318871,Accelerometer - X Driving axle +Z - min,-0.0005716872401535511,Current - Driving axle Y L3 - min,-0.00048800738295540214,Current - Driving axle Y L2 - skew,-0.00043135927990078926,HardnessMean,-0.061877455562353134,RDOC,-0.03784191980957985,Current - Driving axle Y L1 - min,-0.01527570839971304,Current - Driving axle Y L2 - mean,-0.012556887231767178,Current - Driving axle Y L2 - min,-0.007058094255626202
CNC-01,102,33,2,5.0,4.5,38.33,80.0,0.7751054763793945,0.7751054763793945,HEALTHY,0.6511731147766113,0.6511731147766113,EARLY_WEAR,-0.1239323616027832,CONSISTENT,-0.0526830641321312,False,0.619047619,HardnessMean,-0.005230267532169819,MillingToolType,-0.00210210052318871,Accelerometer - Spindle -X - mean,-0.0008342154324054718,Current - Driving axle Y L3 - min,-0.0006670684088021517,Accelerometer - X Driving axle +Z - min,-0.0005716872401535511,HardnessMean,-0.06413429975509644,RDOC,-0.03899514675140381,Current - Driving axle Y L2 - mean,-0.012556887231767178,Current - Driving axle X L2 - skew,-0.0063900453969836235,Current - Driving axle Y L1 - skew,-0.0039021228440105915
CNC-01,102,34,2,5.0,4.5,38.33,80.0,0.7687133550643921,0.7687133550643921,HEALTHY,0.6833223700523376,0.6833223700523376,EARLY_WEAR,-0.08539098501205444,CONSISTENT,-0.03927232922454932,False,0.607142857,HardnessMean,-0.005443042144179344,MillingToolType,-0.00210210052318871,Accelerometer - X Driving axle +Z - min,-0.0005716872401535511,Current - Driving axle Y L3 - min,-0.00048800738295540214,Current - Driving axle Y L2 - skew,-0.00043135927990078926,HardnessMean,-0.05823945626616478,RDOC,-0.038155317306518555,Current - Driving axle Y L1 - min,-0.013531860895454884,Current - Driving axle Y L2 - mean,-0.012556887231767178,Current - Driving axle Y L1 - skew,-0.00851147435605526
CNC-01,102,35,2,5.0,4.5,38.33,80.0,0.7328076958656311,0.7328076958656311,EARLY_WEAR,0.7459815144538879,0.7459815144538879,EARLY_WEAR,0.013173818588256836,CONSISTENT,0.03884713428009412,True,0.595238095,HardnessMean,-0.00551997497677803,MillingToolType,-0.002338975202292204,Current - Driving axle Y L2 - kurtosis,-0.002099124249070883,Accelerometer - X Driving axle +Z - min,-0.0005716872401535511,Current - Driving axle Y L3 - min,-0.0005666064098477364,HardnessMean,-0.0576481968164444,RDOC,-0.03526957333087921,Current - Driving axle Y L2 - max,-0.03369215130805969,Current - Driving axle Y L2 - min,-0.014806976541876793,Current - Driving axle Y L1 - min,-0.013531860895454884
CNC-01,102,36,2,5.0,4.5,38.33,80.0,0.7094428539276123,0.7094428539276123,EARLY_WEAR,0.6030057668685913,0.6030057668685913,EARLY_WEAR,-0.106437087059021,CONSISTENT,-0.041354579814241066,False,0.583333333,HardnessMean,-0.007289177738130093,Current - Spindle L1 - max,-0.005636151880025864,MillingToolType,-0.00210210052318871,Accelerometer - X Driving axle -X - skew,-0.0018894816748797894,Current - Spindle L3 - max,-0.0007982530514709651,HardnessMean,-0.07139572501182556,RDOC,-0.037920985370874405,Current - Spindle L1 - mean,-0.01955917850136757,Current - Driving axle Y L2 - kurtosis,-0.004981939680874348,Current - Spindle L2 - min,-0.004942132160067558
CNC-01,102,37,2,5.0,4.5,38.33,80.0,0.7246193885803223,0.7246193885803223,EARLY_WEAR,0.5622905492782593,0.5622905492782593,EARLY_WEAR,-0.162328839302063,CONDITION_WORSE_THAN_LIFECYCLE,-0.045172149970983955,False,0.571428571,NumberOfCycle,-0.011064087972044945,HardnessMean,-0.005690772086381912,MillingToolType,-0.002338975202292204,Accelerometer - X Driving axle +Z - min,-0.0005716872401535511,Current - Driving axle Y L3 - min,-0.0005666064098477364,HardnessMean,-0.06302132457494736,RDOC,-0.03899514675140381,Current - Driving axle Y L1 - min,-0.018061703070998192,Current - Driving axle X L2 - kurtosis,-0.017846129834651947,Current - Driving axle Z L2 - min,-0.007311700843274593
CNC-01,102,38,2,5.0,4.5,38.33,80.0,0.7041241526603699,0.7041241526603699,EARLY_WEAR,0.7425603866577148,0.7425603866577148,EARLY_WEAR,0.03843623399734497,CONSISTENT,-0.025140526653049222,False,0.55952381,NumberOfCycle,-0.023698415607213974,HardnessMean,-0.005604669917374849,MillingToolType,-0.0012956864666193724,Accelerometer - X Driving axle +Z - min,-0.0005716872401535511,Current - Driving axle X L3 - kurtosis,-0.0004912514123134315,HardnessMean,-0.055044811218976974,RDOC,-0.0340733528137207,Current - Driving axle X L2 - kurtosis,-0.02712881751358509,Current - Driving axle X L3 - kurtosis,-0.020180782303214073,Current - Driving axle Y L2 - min,-0.011857625097036362
CNC-01,102,39,2,5.0,4.5,38.33,80.0,0.7075594663619995,0.7075594663619995,EARLY_WEAR,0.5354510545730591,0.5354510545730591,EARLY_WEAR,-0.17210841178894043,CONDITION_WORSE_THAN_LIFECYCLE,-0.05005244048534313,False,0.547619048,NumberOfCycle,-0.023547179996967316,HardnessMean,-0.005690772086381912,MillingToolType,-0.00210210052318871,Accelerometer - X Driving axle +Z - min,-0.0005716872401535511,Current - Driving axle Y L3 - min,-0.0005666064098477364,HardnessMean,-0.06996312737464905,RDOC,-0.04142793267965317,Current - Driving axle Y L2 - mean,-0.016215553507208824,Current - Driving axle Y L1 - min,-0.01527570839971304,Current - Driving axle X L2 - skew,-0.0063900453969836235
CNC-01,102,40,2,5.0,4.5,38.33,80.0,0.7013960480690002,0.7013960480690002,EARLY_WEAR,0.5711219906806946,0.5711219906806946,EARLY_WEAR,-0.13027405738830566,CONSISTENT,-0.04074790921141713,False,0.535714286,NumberOfCycle,-0.028758682310581207,HardnessMean,-0.005838834680616856,MillingToolType,-0.002338975202292204,Accelerometer - X Driving axle +Z - min,-0.0005716872401535511,Current - Driving axle Y L3 - min,-0.000538474996574223,HardnessMean,-0.0694214329123497,RDOC,-0.03937910869717598,Current - Driving axle Z L2 - min,-0.009417415596544743,Current - Driving axle X L2 - skew,-0.0063900453969836235,Current - Driving axle Z L1 - min,-0.003474073950201273
CNC-01,102,41,2,5.0,4.5,38.33,80.0,0.6947582364082336,0.6947582364082336,EARLY_WEAR,0.6187902092933655,0.6187902092933655,EARLY_WEAR,-0.07596802711486816,CONSISTENT,-0.04859225979651821,False,0.523809524,NumberOfCycle,-0.03808101639151573,HardnessMean,-0.0059217121452093124,MillingToolType,-0.00210210052318871,Accelerometer - X Driving axle +Z - min,-0.0005716872401535511,Current - Driving axle Y L3 - min,-0.00048800738295540214,HardnessMean,-0.061313048005104065,RDOC,-0.037934061139822006,Current - Driving axle Y L2 - mean,-0.016215553507208824,Current - Driving axle Y L1 - min,-0.013531860895454884,Current - Driving axle Z L2 - min,-0.009417415596544743
CNC-01,102,42,2,5.0,4.5,38.33,80.0,0.6891027092933655,0.6891027092933655,EARLY_WEAR,0.700788676738739,0.700788676738739,EARLY_WEAR,0.011685967445373535,CONSISTENT,-0.0003218428043633148,False,0.511904762,NumberOfCycle,-0.04059293493628502,HardnessMean,-0.00602194108068943,MillingToolType,-0.002338975202292204,Accelerometer - X Driving axle +Z - min,-0.0005716872401535511,Current - Driving axle Y L3 - min,-0.0005666064098477364,HardnessMean,-0.060033656656742096,RDOC,-0.03579309582710266,Current - Driving axle Y L2 - max,-0.03213468939065933,Current - Driving axle Y L1 - min,-0.013531860895454884,Current - Driving axle Y L2 - mean,-0.012556887231767178
CNC-01,102,43,2,5.0,4.5,38.33,80.0,0.6549822092056274,0.6549822092056274,EARLY_WEAR,0.6428665518760681,0.6428665518760681,EARLY_WEAR,-0.012115657329559326,CONSISTENT,-0.0649210028677546,False,0.5,NumberOfCycle,-0.04477781057357788,HardnessMean,-0.007947520352900028,Current - Spindle L1 - max,-0.007151221856474876,Accelerometer - Spindle -X - mean,-0.0028471762780100107,MillingToolType,-0.00210210052318871,HardnessMean,-0.07402382045984268,RDOC,-0.037920985370874405,Current - Spindle L1 - mean,-0.030869988724589348,Current - Driving axle Z L3 - min,-0.007832649163901806,Current - Driving axle Y L2 - kurtosis,-0.004981939680874348
CNC-01,102,44,2,5.0,4.5,38.33,80.0,0.6778716444969177,0.6778716444969177,EARLY_WEAR,0.4950230121612549,0.4950230121612549,DEGRADED,-0.18284863233566284,CONDITION_WORSE_THAN_LIFECYCLE,-0.03624430192021588,False,0.488095238,NumberOfCycle,-0.04978959634900093,HardnessMean,-0.0059217121452093124,MillingToolType,-0.00210210052318871,Accelerometer - X Driving axle +Z - min,-0.0005716872401535511,Current - Driving axle Y L3 - min,-0.00048800738295540214,HardnessMean,-0.06953873485326767,RDOC,-0.03960719704627991,Current - Driving axle Y L1 - min,-0.018061703070998192,Current - Driving axle X L2 - kurtosis,-0.013185065239667892,Current - Driving axle Y L1 - skew,-0.00851147435605526
CNC-01,102,45,2,5.0,4.5,38.33,80.0,0.6692309379577637,0.6692309379577637,EARLY_WEAR,0.5879032611846924,0.5879032611846924,EARLY_WEAR,-0.08132767677307129,CONSISTENT,-0.05656321845742279,False,0.476190476,NumberOfCycle,-0.05172010883688927,HardnessMean,-0.005635990761220455,Accelerometer - Spindle -Z - max,-0.0031296361703425646,MillingToolType,-0.002338975202292204,Accelerometer - X Driving axle +Z - min,-0.0005716872401535511,HardnessMean,-0.0694214329123497,RDOC,-0.03960719704627991,Current - Driving axle Y L1 - min,-0.01527570839971304,Current - Driving axle X L2 - skew,-0.006648959591984749,Current - Driving axle Z L3 - min,-0.004063096363097429
CNC-01,102,46,2,5.0,4.5,38.33,80.0,0.6615445613861084,0.6615445613861084,EARLY_WEAR,0.45569661259651184,0.45569661259651184,DEGRADED,-0.20584794878959656,CONDITION_WORSE_THAN_LIFECYCLE,-0.05434057669217568,False,0.464285714,NumberOfCycle,-0.055310074239969254,HardnessMean,-0.006232424173504114,Accelerometer - Spindle -X - mean,-0.0024255516473203897,MillingToolType,-0.00210210052318871,Current - Driving axle Y L3 - min,-0.0006670684088021517,HardnessMean,-0.07071609795093536,RDOC,-0.04142793267965317,Current - Driving axle Y L2 - mean,-0.018167495727539062,Current - Driving axle Y L1 - min,-0.018061703070998192,Current - Driving axle X L2 - kurtosis,-0.017170671373605728
CNC-01,102,47,2,5.0,4.5,38.33,80.0,0.6548202037811279,0.6548202037811279,EARLY_WEAR,0.5315566658973694,0.5315566658973694,EARLY_WEAR,-0.12326353788375854,CONSISTENT,-0.04459582462343742,False,0.452380952,NumberOfCycle,-0.05827471241354942,HardnessMean,-0.006232424173504114,MillingToolType,-0.00210210052318871,Accelerometer - X Driving axle +Z - min,-0.0005716872401535511,Current - Driving axle Y L2 - skew,-0.0004828409291803837,HardnessMean,-0.0707622542977333,RDOC,-0.04142793267965317,Current - Driving axle Y L2 - mean,-0.017372647300362587,Current - Driving axle Y L1 - min,-0.01527570839971304,Current - Driving axle Z L3 - min,-0.008370756171643734
CNC-01,102,48,2,5.0,4.5,38.33,80.0,0.6454587578773499,0.6454587578773499,EARLY_WEAR,0.6175273656845093,0.6175273656845093,EARLY_WEAR,-0.027931392192840576,CONSISTENT,-0.03175032476968803,False,0.44047619,NumberOfCycle,-0.0744231790304184,HardnessMean,-0.006539727561175823,MillingToolType,-0.00210210052318871,Accelerometer - X Driving axle +Z - min,-0.0005716872401535511,Current - Driving axle Y L3 - min,-0.00048800738295540214,HardnessMean,-0.06270840018987656,RDOC,-0.03876705840229988,Current - Driving axle Y L2 - mean,-0.016215553507208824,Current - Driving axle Y L1 - min,-0.013531860895454884,Current - Driving axle X L2 - skew,-0.0063900453969836235
CNC-01,102,49,2,5.0,4.5,38.33,80.0,0.5784215331077576,0.5784215331077576,EARLY_WEAR,0.5493767857551575,0.5493767857551575,EARLY_WEAR,-0.029044747352600098,CONSISTENT,0.06487794316308693,True,0.428571429,NumberOfCycle,-0.106437548995018,HardnessMean,-0.011060708202421665,Current - Spindle L1 - max,-0.008603190071880817,MillingToolType,-0.00210210052318871,Current - Spindle L2 - std,-0.0010784411570057273,HardnessMean,-0.06825537979602814,RDOC,-0.03660875931382179,Current - Driving axle Y L1 - min,-0.022363822907209396,Current - Driving axle X L2 - kurtosis,-0.01734517514705658,Current - Driving axle Z L2 - max,-0.010798347182571888
CNC-01,102,52,2,5.0,4.5,38.33,80.0,0.5989074110984802,0.5989074110984802,EARLY_WEAR,0.7086030840873718,0.7086030840873718,EARLY_WEAR,0.1096956729888916,CONSISTENT,-0.03562922850128791,False,0.392857143,NumberOfCycle,-0.10033766180276871,HardnessMean,-0.00611296109855175,Accelerometer - Spindle +Y - skew,-0.00316964415833354,Accelerometer - Y Driving axle -X - std,-0.00307608675211668,Accelerometer - Spindle +Y - kurtosis,-0.0017299918690696359,HardnessMean,-0.06367313116788864,Current - Driving axle X L2 - kurtosis,-0.037084970623254776,RDOC,-0.0346854031085968,Current - Driving axle X L3 - kurtosis,-0.021649420261383057,Current - Driving axle Z L1 - min,-0.008317743428051472
CNC-01,102,53,2,5.0,4.5,38.33,80.0,0.626279890537262,0.626279890537262,EARLY_WEAR,0.4968218207359314,0.4968218207359314,DEGRADED,-0.12945806980133057,CONSISTENT,-0.06827174920915563,False,0.380952381,NumberOfCycle,-0.09843187779188156,HardnessMean,-0.006702111102640629,MillingToolType,-0.002338975202292204,Accelerometer - X Driving axle +Z - min,-0.0005716872401535511,Current - Driving axle Y L3 - min,-0.00043077245936729014,HardnessMean,-0.0709686130285263,RDOC,-0.042953938245773315,Current - Driving axle X L1 - mean,-0.03333994746208191,Current - Driving axle Y L1 - min,-0.01527570839971304,Current - Driving axle Y L3 - min,-0.007952338084578514
CNC-01,102,54,2,5.0,4.5,38.33,80.0,0.580796480178833,0.580796480178833,EARLY_WEAR,0.45905065536499023,0.45905065536499023,DEGRADED,-0.12174582481384277,CONSISTENT,-0.047805885360626243,False,0.369047619,NumberOfCycle,-0.09192346781492233,HardnessMean,-0.006855773739516735,Accelerometer - Spindle -Z - max,-0.0031296361703425646,MillingToolType,-0.002338975202292204,Accelerometer - X Driving axle +Z - min,-0.0005716872401535511,HardnessMean,-0.0738362967967987,RDOC,-0.042953938245773315,Current - Driving axle X L1 - mean,-0.03251407667994499,Current - Driving axle Y L1 - min,-0.01527570839971304,Current - Driving axle X L2 - skew,-0.0063900453969836235
CNC-01,102,55,2,5.0,4.5,38.33,80.0,0.5713454484939575,0.5713454484939575,EARLY_WEAR,0.5126433372497559,0.5126433372497559,EARLY_WEAR,-0.05870211124420166,CONSISTENT,-0.03786460489844823,False,0.357142857,NumberOfCycle,-0.08254648000001907,HardnessMean,-0.00719263544306159,Accelerometer - Spindle -Z - std,-0.004470223095268011,Accelerometer - Spindle -Z - max,-0.003169458359479904,MillingToolType,-0.00210210052318871,HardnessMean,-0.06954677402973175,RDOC,-0.04111845791339874,Current - Driving axle Y L2 - mean,-0.017372647300362587,Current - Driving axle Y L1 - min,-0.01527570839971304,Current - Driving axle Y L1 - skew,-0.00851147435605526
CNC-01,102,56,2,5.0,4.5,38.33,80.0,0.5629582405090332,0.5629582405090332,EARLY_WEAR,0.5541582703590393,0.5541582703590393,EARLY_WEAR,-0.008799970149993896,CONSISTENT,0.04810521918124666,True,0.345238095,NumberOfCycle,-0.11454558372497559,HardnessMean,-0.01005571149289608,Current - Spindle L1 - max,-0.008603190071880817,Accelerometer - Spindle -X - mean,-0.0028471762780100107,MillingToolType,-0.0024280392099171877,HardnessMean,-0.06790772080421448,RDOC,-0.03757530078291893,Current - Driving axle Y L1 - min,-0.022363822907209396,Current - Spindle L3 - skew,-0.01662159524857998,Current - Driving axle X L2 - kurtosis,-0.016463184729218483
CNC-01,102,57,2,5.0,4.5,38.33,80.0,0.554459273815155,0.554459273815155,EARLY_WEAR,0.46372976899147034,0.46372976899147034,DEGRADED,-0.09072950482368469,CONSISTENT,-0.051056121573490765,False,0.333333333,NumberOfCycle,-0.12122420966625214,HardnessMean,-0.01014907006174326,Current - Spindle L1 - max,-0.008638075552880764,MillingToolType,-0.002338975202292204,Accelerometer - Spindle -X - mean,-0.002112829592078924,HardnessMean,-0.07139572501182556,RDOC,-0.03907421603798866,Current - Spindle L1 - mean,-0.01955917850136757,Current - Driving axle X L2 - kurtosis,-0.009780493564903736,Current - Driving axle Z L2 - max,-0.00767599418759346
CNC-01,102,58,2,5.0,4.5,38.33,80.0,0.5516754984855652,0.5516754984855652,EARLY_WEAR,0.427730530500412,0.427730530500412,DEGRADED,-0.1239449679851532,CONSISTENT,-0.033109444835502766,False,0.321428571,NumberOfCycle,-0.10388977825641632,HardnessMean,-0.007401078939437866,MillingToolType,-0.0027319707442075014,Accelerometer - Spindle -X - mean,-0.0024255516473203897,Accelerometer - Spindle +Y - std,-0.0008314675651490688,HardnessMean,-0.07407645136117935,RDOC,-0.042953938245773315,Current - Driving axle X L1 - mean,-0.029965242370963097,Current - Driving axle Y L1 - min,-0.018061703070998192,Current - Driving axle X L2 - kurtosis,-0.013163581490516663
CNC-01,102,59,2,5.0,4.5,38.33,80.0,0.5880031585693359,0.5880031585693359,EARLY_WEAR,0.5194993019104004,0.5194993019104004,EARLY_WEAR,-0.06850385665893555,CONSISTENT,-0.05135318745834483,False,0.30952381,NumberOfCycle,-0.11616861820220947,HardnessMean,-0.0064163897186517715,Accelerometer - Spindle -Z - max,-0.0031296361703425646,MillingToolType,-0.002338975202292204,Accelerometer - Spindle +Y - std,-0.0008314675651490688,HardnessMean,-0.06980551034212112,RDOC,-0.042953938245773315,Current - Driving axle X L1 - mean,-0.03333994746208191,Current - Driving axle Y L1 - min,-0.01527570839971304,Current - Driving axle Z L3 - min,-0.00481077004224062
CNC-01,102,60,2,5.0,4.5,38.33,80.0,0.537767767906189,0.537767767906189,EARLY_WEAR,0.46098074316978455,0.46098074316978455,DEGRADED,-0.07678702473640442,CONSISTENT,-0.041712348867415205,False,0.297619048,NumberOfCycle,-0.10531513392925262,HardnessMean,-0.008170300163328648,MillingToolType,-0.0024950960651040077,Accelerometer - X Driving axle +Z - std,-0.0009435928077436984,Accelerometer - Spindle +Y - std,-0.0008314675651490688,HardnessMean,-0.07392526417970657,RDOC,-0.042953938245773315,Current - Driving axle X L1 - mean,-0.03251407667994499,Current - Driving axle Y L1 - min,-0.01527570839971304,Current - Driving axle X L2 - skew,-0.006648959591984749
CNC-01,102,61,2,5.0,4.5,38.33,80.0,0.5129782557487488,0.5129782557487488,EARLY_WEAR,0.4749004542827606,0.4749004542827606,DEGRADED,-0.03807780146598816,CONSISTENT,-0.058853520052292274,False,0.285714286,NumberOfCycle,-0.10004137456417084,HardnessMean,-0.008213711902499199,Accelerometer - Spindle -Z - std,-0.004936593119055033,Accelerometer - Spindle -X - mean,-0.0031598981004208326,MillingToolType,-0.0027319707442075014,HardnessMean,-0.07292100787162781,RDOC,-0.042953938245773315,Current - Driving axle X L1 - mean,-0.033215705305337906,Current - Driving axle Y L1 - min,-0.01527570839971304,Current - Driving axle X L2 - skew,-0.0063900453969836235
CNC-01,102,62,2,5.0,4.5,38.33,80.0,0.5139923095703125,0.5139923095703125,EARLY_WEAR,0.44269976019859314,0.44269976019859314,DEGRADED,-0.07129254937171936,CONSISTENT,-0.02741729486514055,False,0.273809524,NumberOfCycle,-0.10421109199523926,HardnessMean,-0.008108532056212425,Accelerometer - Spindle -Z - std,-0.004638558253645897,MillingToolType,-0.0024950960651040077,Accelerometer - Y Driving axle -X - std,-0.0016259837429970503,HardnessMean,-0.07204209268093109,RDOC,-0.042953938245773315,Current - Driving axle X L1 - mean,-0.03238983452320099,Current - Driving axle Y L2 - mean,-0.018167495727539062,Current - Driving axle Y L1 - min,-0.01527570839971304
CNC-01,102,63,2,5.0,4.5,38.33,80.0,0.48563745617866516,0.48563745617866516,DEGRADED,0.5480547547340393,0.5480547547340393,EARLY_WEAR,0.062417298555374146,CONSISTENT,0.031299111174603045,True,0.261904762,NumberOfCycle,-0.15152542293071747,HardnessMean,-0.010300630703568459,Current - Spindle L1 - max,-0.00965083111077547,Accelerometer - Spindle -Z - max,-0.0047707753255963326,Accelerometer - Spindle -X - mean,-0.0031598981004208326,HardnessMean,-0.06790772080421448,RDOC,-0.03757530078291893,Current - Driving axle Y L1 - min,-0.022363822907209396,Current - Driving axle X L2 - kurtosis,-0.01734517514705658,Current - Spindle L3 - skew,-0.01662159524857998
CNC-01,102,64,2,5.0,4.5,38.33,80.0,0.48729297518730164,0.48729297518730164,DEGRADED,0.4967832863330841,0.4967832863330841,DEGRADED,0.00949031114578247,CONSISTENT,-0.06419528451517409,False,0.25,NumberOfCycle,-0.155805304646492,HardnessMean,-0.010486166924238205,Current - Spindle L1 - max,-0.008881105110049248,Accelerometer - Spindle +Y - kurtosis,-0.008434312418103218,Accelerometer - X Driving axle -X - skew,-0.002285744296386838,HardnessMean,-0.07568690180778503,RDOC,-0.03907421603798866,Current - Spindle L1 - mean,-0.012065688148140907,Current - Driving axle Z L2 - kurtosis,-0.0063270810060203075,Current - Driving axle Z L1 - min,-0.005370004568248987
CNC-01,102,65,2,5.0,4.5,38.33,80.0,0.5153173804283142,0.5153173804283142,EARLY_WEAR,0.40813153982162476,0.40813153982162476,DEGRADED,-0.10718584060668945,CONSISTENT,-0.032828792766855686,False,0.238095238,NumberOfCycle,-0.13931506872177124,HardnessMean,-0.007299080491065979,MillingToolType,-0.0027319707442075014,Accelerometer - Spindle -Z - skew,-0.0009809418115764856,Accelerometer - X Driving axle +Z - std,-0.0009435928077436984,HardnessMean,-0.07337553054094315,RDOC,-0.04252949729561806,Current - Driving axle X L1 - mean,-0.031455039978027344,Current - Driving axle Y L1 - min,-0.02732391655445099,Current - Driving axle X L2 - kurtosis,-0.010847911238670349
CNC-01,102,66,2,5.0,4.5,38.33,80.0,0.4943874776363373,0.4943874776363373,DEGRADED,0.4869978427886963,0.4869978427886963,DEGRADED,-0.007389634847640991,CONSISTENT,-0.030302531609746997,False,0.226190476,NumberOfCycle,-0.12863104045391083,HardnessMean,-0.007784217596054077,Accelerometer - X Driving axle +Z - std,-0.0033168119844049215,MillingToolType,-0.0026081351097673178,Accelerometer - Spindle -Z - skew,-0.0009809418115764856,HardnessMean,-0.07509458810091019,RDOC,-0.042953938245773315,Current - Driving axle X L1 - mean,-0.03251407667994499,Current - Driving axle Y L1 - min,-0.01527570839971304,Current - Driving axle Z L2 - min,-0.006236385554075241
CNC-01,102,67,2,5.0,4.5,38.33,80.0,0.49411144852638245,0.49411144852638245,DEGRADED,0.375905305147171,0.375905305147171,DEGRADED,-0.11820614337921143,CONSISTENT,-0.018475804101261484,False,0.214285714,NumberOfCycle,-0.14021240174770355,HardnessMean,-0.008245308883488178,MillingToolType,-0.002821034751832485,Accelerometer - X Driving axle +Z - std,-0.0027666573878377676,Accelerometer - Y Driving axle -X - std,-0.0018166510853916407,HardnessMean,-0.07321154326200485,RDOC,-0.042953938245773315,Current - Driving axle X L1 - mean,-0.02913937158882618,Current - Driving axle Y L1 - min,-0.02732391655445099,Current - Driving axle X L2 - kurtosis,-0.012006202712655067
CNC-01,102,68,2,5.0,4.5,38.33,80.0,0.48102006316185,0.48102006316185,DEGRADED,0.4242449700832367,0.4242449700832367,DEGRADED,-0.05677509307861328,CONSISTENT,-0.06011336801977585,False,0.202380952,NumberOfCycle,-0.13819368183612823,HardnessMean,-0.008245308883488178,MillingToolType,-0.002821034751832485,Accelerometer - X Driving axle +Z - std,-0.0027666573878377676,Accelerometer - Spindle -Z - max,-0.001985458889976144,HardnessMean,-0.07363593578338623,RDOC,-0.042953938245773315,Current - Driving axle X L1 - mean,-0.02913937158882618,Current - Driving axle Y L1 - min,-0.018061703070998192,Current - Driving axle X L2 - kurtosis,-0.014275213703513145
CNC-01,102,69,2,5.0,4.5,38.33,80.0,0.4733295142650604,0.4733295142650604,DEGRADED,0.3841255009174347,0.3841255009174347,DEGRADED,-0.08920401334762573,CONSISTENT,-0.02758492434373211,False,0.19047619,NumberOfCycle,-0.13400797545909882,HardnessMean,-0.008442343212664127,Accelerometer - Spindle -Z - std,-0.004638558253645897,MillingToolType,-0.0024950960651040077,Accelerometer - Spindle +Y - kurtosis,-0.0020812980365008116,HardnessMean,-0.0742737352848053,RDOC,-0.042953938245773315,Current - Driving axle X L1 - mean,-0.0286418404430151,Current - Driving axle Y L1 - min,-0.024537919089198112,Current - Driving axle Y L2 - mean,-0.018167495727539062
CNC-01,102,70,2,5.0,4.5,38.33,80.0,0.4715496599674225,0.4715496599674225,DEGRADED,0.4262884557247162,0.4262884557247162,DEGRADED,-0.0452612042427063,CONSISTENT,0.028243380900022652,True,0.178571429,NumberOfCycle,-0.12843845784664154,HardnessMean,-0.009227610193192959,MillingToolType,-0.002338975202292204,Accelerometer - X Driving axle +Z - min,-0.0010649043833836913,Accelerometer - Spindle -Z - std,-0.001037396490573883,HardnessMean,-0.07072079926729202,RDOC,-0.042953938245773315,Current - Driving axle Y L2 - max,-0.0317666195333004,Current - Driving axle X L1 - mean,-0.02581046335399151,Current - Driving axle Y L2 - mean,-0.018167495727539062
CNC-01,102,71,2,5.0,4.5,38.33,80.0,0.460923433303833,0.460923433303833,DEGRADED,0.5072302222251892,0.5072302222251892,EARLY_WEAR,0.0463067889213562,CONSISTENT,0.009020686950108214,True,0.166666667,NumberOfCycle,-0.1731170117855072,HardnessMean,-0.010737081989645958,Current - Spindle L1 - max,-0.009055651724338531,Accelerometer - X Driving axle -X - skew,-0.0029039254877716303,Accelerometer - Spindle -X - mean,-0.002883719513192773,HardnessMean,-0.0764593556523323,Current - Driving axle Z L1 - min,-0.05196577310562134,RDOC,-0.040253739804029465,Current - Driving axle X L1 - mean,-0.02054147981107235,Current - Spindle L1 - mean,-0.012485318817198277
CNC-01,102,72,2,5.0,4.5,38.33,80.0,0.43990257382392883,0.43990257382392883,DEGRADED,0.424737811088562,0.424737811088562,DEGRADED,-0.015164762735366821,CONSISTENT,-0.010303435017378793,False,0.154761905,NumberOfCycle,-0.12610319256782532,Accelerometer - Spindle -X - std,-0.017867280170321465,HardnessMean,-0.010964692570269108,Accelerometer - Spindle +Y - kurtosis,-0.0066883740946650505,Accelerometer - X Driving axle +Z - std,-0.0032722323667258024,HardnessMean,-0.07774090021848679,RDOC,-0.04252949729561806,Current - Driving axle X L1 - mean,-0.02768806554377079,Current - Driving axle Y L1 - min,-0.024537919089198112,Current - Driving axle Z L3 - min,-0.006717757321894169
CNC-01,102,73,2,5.0,4.5,38.33,80.0,0.44676336646080017,0.44676336646080017,DEGRADED,0.4158819615840912,0.4158819615840912,DEGRADED,-0.030881404876708984,CONSISTENT,-0.02921965634862328,False,0.142857143,NumberOfCycle,-0.11859007179737091,Accelerometer - Spindle -X - std,-0.032698746770620346,HardnessMean,-0.012087021954357624,Accelerometer - X Driving axle +Z - std,-0.0033804720733314753,MillingToolType,-0.0024950960651040077,HardnessMean,-0.0748416930437088,RDOC,-0.042953938245773315,Current - Driving axle X L1 - mean,-0.029841000214219093,Current - Driving axle Y L1 - min,-0.018061703070998192,Current - Driving axle Z L3 - min,-0.007909310981631279
CNC-01,102,74,2,5.0,4.5,38.33,80.0,0.4379782974720001,0.4379782974720001,DEGRADED,0.36589962244033813,0.36589962244033813,DEGRADED,-0.07207867503166199,CONSISTENT,-0.02285702688826463,False,0.130952381,NumberOfCycle,-0.1131112203001976,Accelerometer - Spindle -X - std,-0.04713381081819534,HardnessMean,-0.01347346417605877,Accelerometer - Spindle -Z - std,-0.004726432729512453,Accelerometer - X Driving axle +Z - std,-0.003598609706386924,HardnessMean,-0.07571850717067719,RDOC,-0.042953938245773315,Current - Driving axle Y L1 - min,-0.02732391655445099,Current - Driving axle X L1 - mean,-0.025968771427869797,Current - Driving axle X L2 - kurtosis,-0.01754925772547722
CNC-01,102,75,2,5.0,4.5,38.33,80.0,0.42179447412490845,0.42179447412490845,DEGRADED,0.3741862177848816,0.3741862177848816,DEGRADED,-0.047608256340026855,CONSISTENT,-0.055627557386480675,False,0.119047619,NumberOfCycle,-0.12000475078821182,Accelerometer - Spindle -X - std,-0.04683070257306099,HardnessMean,-0.013903097249567509,Accelerometer - Spindle -Z - std,-0.004510190337896347,Accelerometer - X Driving axle +Z - std,-0.0037587054539471865,HardnessMean,-0.07456306368112564,RDOC,-0.042953938245773315,Current - Driving axle X L1 - mean,-0.02514290250837803,Current - Driving axle Y L1 - min,-0.018061703070998192,Current - Driving axle X L2 - kurtosis,-0.01028960756957531
CNC-01,102,76,2,5.0,4.5,38.33,80.0,0.4170081615447998,0.4170081615447998,DEGRADED,0.3551199734210968,0.3551199734210968,DEGRADED,-0.061888188123703,CONSISTENT,-0.022666437782355997,False,0.107142857,NumberOfCycle,-0.12317176908254623,Accelerometer - Spindle -X - std,-0.05480732023715973,HardnessMean,-0.013922189362347126,Accelerometer - X Driving axle +Z - std,-0.0034423687029629946,MillingToolType,-0.003097807290032506,HardnessMean,-0.07456306368112564,RDOC,-0.042953938245773315,Current - Driving axle Y L1 - min,-0.02732391655445099,Current - Driving axle X L1 - mean,-0.025968771427869797,Current - Driving axle Y L2 - mean,-0.018167495727539062
CNC-01,102,77,2,5.0,4.5,38.33,80.0,0.4105623960494995,0.4105623960494995,DEGRADED,0.3871070146560669,0.3871070146560669,DEGRADED,-0.023455381393432617,CONSISTENT,-0.0217949328386412,False,0.095238095,NumberOfCycle,-0.13123515248298645,Accelerometer - Spindle -X - std,-0.040831610560417175,HardnessMean,-0.012445035390555859,Accelerometer - X Driving axle +Z - std,-0.0033483782317489386,MillingToolType,-0.003057909430935979,HardnessMean,-0.07354696840047836,RDOC,-0.042953938245773315,Current - Driving axle X L1 - mean,-0.02648692950606346,Current - Driving axle Y L1 - min,-0.018061703070998192,Current - Driving axle X L2 - kurtosis,-0.016166314482688904
CNC-01,102,78,2,5.0,4.5,38.33,80.0,0.3534272015094757,0.3534272015094757,DEGRADED,0.3194589614868164,0.3194589614868164,DEGRADED,-0.0339682400226593,CONSISTENT,-0.04948097669752766,False,0.083333333,NumberOfCycle,-0.17384548485279083,HardnessMean,-0.012115787714719772,Current - Spindle L1 - max,-0.009153577499091625,Accelerometer - X Driving axle +Z - std,-0.005067457444965839,Accelerometer - Spindle -Z - std,-0.004907800815999508,HardnessMean,-0.07380058616399765,RDOC,-0.04060022160410881,Current - Driving axle X L2 - kurtosis,-0.03385160490870476,Current - Driving axle X L1 - mean,-0.01940631866455078,Current - Driving axle X L3 - kurtosis,-0.016437264159321785
CNC-01,102,79,2,5.0,4.5,38.33,80.0,0.3858884572982788,0.3858884572982788,DEGRADED,0.287105917930603,0.287105917930603,DEGRADED,-0.09878253936767578,CONSISTENT,0.08135914821782275,True,0.071428571,NumberOfCycle,-0.11629325896501541,Accelerometer - Spindle -X - std,-0.06825406104326248,HardnessMean,-0.015040270984172821,Accelerometer - Spindle -Z - std,-0.007687184028327465,MillingToolType,-0.004090930335223675,HardnessMean,-0.0767429918050766,Current - Driving axle X L2 - mean,-0.054877717047929764,RDOC,-0.04485418647527695,Current - Driving axle X L1 - mean,-0.030861716717481613,Current - Driving axle Y L1 - min,-0.024913683533668518
CNC-01,102,80,2,5.0,4.5,38.33,80.0,0.39463064074516296,0.39463064074516296,DEGRADED,0.36721017956733704,0.36721017956733704,DEGRADED,-0.027420461177825928,CONSISTENT,-0.013165830059806538,False,0.05952381,NumberOfCycle,-0.1332087218761444,Accelerometer - Spindle -X - std,-0.05622195079922676,HardnessMean,-0.014428206719458103,MillingToolType,-0.004416869021952152,Accelerometer - Spindle -Z - std,-0.003989408724009991,HardnessMean,-0.07311063259840012,Current - Driving axle X L2 - mean,-0.060694027692079544,RDOC,-0.04252949729561806,Current - Driving axle Y L1 - min,-0.01527570839971304,Current - Driving axle X L3 - mean,-0.015068045817315578
CNC-01,102,81,2,5.0,4.5,38.33,80.0,0.3862427771091461,0.3862427771091461,DEGRADED,0.22883965075016022,0.22883965075016022,CRITICAL,-0.1574031263589859,CONDITION_WORSE_THAN_LIFECYCLE,0.011067692878539814,True,0.047619048,NumberOfCycle,-0.13360139727592468,Accelerometer - Spindle -X - std,-0.0581979937851429,HardnessMean,-0.014296372421085835,Accelerometer - X Driving axle +Z - std,-0.0036407315637916327,Accelerometer - Spindle -Z - std,-0.0031847944483160973,HardnessMean,-0.07195164263248444,Current - Driving axle X L2 - mean,-0.056084077805280685,RDOC,-0.042953938245773315,Current - Driving axle X L2 - kurtosis,-0.034558944404125214,Current - Driving axle Y L1 - min,-0.02732391655445099
CNC-01,102,82,2,5.0,4.5,38.33,80.0,0.3967120051383972,0.3967120051383972,DEGRADED,0.27466753125190735,0.27466753125190735,DEGRADED,-0.12204447388648987,CONSISTENT,-0.01901945208991218,False,0.035714286,NumberOfCycle,-0.11805102229118347,Accelerometer - Spindle -X - std,-0.06312402337789536,HardnessMean,-0.014719837345182896,Accelerometer - Spindle -Z - std,-0.004513266496360302,MillingToolType,-0.004416869021952152,HardnessMean,-0.07456306368112564,Current - Driving axle X L2 - mean,-0.054877717047929764,RDOC,-0.045278627425432205,Current - Driving axle X L1 - mean,-0.03158233314752579,Current - Driving axle X L3 - mean,-0.01954309456050396
CNC-01,102,83,2,5.0,4.5,38.33,80.0,0.3722522258758545,0.3722522258758545,DEGRADED,0.2589682340621948,0.2589682340621948,DEGRADED,-0.11328399181365967,CONSISTENT,-0.021921564457300535,False,0.023809524,NumberOfCycle,-0.12871861457824707,Accelerometer - Spindle -X - std,-0.07105962932109833,HardnessMean,-0.014954169280827045,Accelerometer - Spindle -Z - std,-0.008170727640390396,Accelerometer - X Driving axle +Z - std,-0.00348063581623137,HardnessMean,-0.0714971199631691,Current - Driving axle X L2 - mean,-0.056084077805280685,RDOC,-0.042953938245773315,Current - Driving axle Y L1 - min,-0.02732391655445099,Current - Driving axle X L2 - kurtosis,-0.02485112100839615
CNC-01,102,84,2,5.0,4.5,38.33,80.0,0.38716402649879456,0.38716402649879456,DEGRADED,0.34581804275512695,0.34581804275512695,DEGRADED,-0.0413459837436676,CONSISTENT,0.012859610584168624,True,0.011904762,NumberOfCycle,-0.1353127658367157,Accelerometer - Spindle -X - std,-0.06015118956565857,HardnessMean,-0.013922189362347126,Accelerometer - Spindle -Z - std,-0.004887734539806843,MillingToolType,-0.004416869021952152,HardnessMean,-0.07402592152357101,RDOC,-0.042953938245773315,Current - Driving axle X L1 - mean,-0.022614698857069016,Current - Driving axle Y L1 - min,-0.018061703070998192,Current - Driving axle X L2 - kurtosis,-0.017001068219542503
CNC-01,102,85,2,5.0,4.5,38.33,80.0,0.2790191173553467,0.2790191173553467,DEGRADED,0.31469297409057617,0.31469297409057617,DEGRADED,0.03567385673522949,CONSISTENT,-0.03309783884494394,False,0.0,NumberOfCycle,-0.13925103843212128,Accelerometer - Spindle -X - std,-0.05476412922143936,HardnessMean,-0.015926189720630646,Current - Spindle L1 - max,-0.011329201981425285,Accelerometer - Spindle -Z - std,-0.008549640886485577,HardnessMean,-0.07387228310108185,Current - Driving axle X L2 - mean,-0.053904060274362564,RDOC,-0.04007197543978691,Current - Driving axle X L2 - kurtosis,-0.031565576791763306,Current - Driving axle X L3 - kurtosis,-0.022195909172296524
