feature,correlation,absolute_correlation
Current - Driving axle X L2 - mean,-0.6917632350914785,0.6917632350914785
Current - Driving axle X L1 - mean,-0.6915641855752689,0.6915641855752689
Current - Driving axle X L3 - mean,-0.6903427999364077,0.6903427999364077
Current - Driving axle Y L3 - mean,-0.5421594026714421,0.5421594026714421
Current - Driving axle Y L2 - mean,-0.5385051450048508,0.5385051450048508
Current - Driving axle Y L1 - mean,-0.5156271527948221,0.5156271527948221
Current - Driving axle X L2 - std,-0.5082542828559833,0.5082542828559833
Current - Driving axle X L1 - std,-0.506424988167496,0.506424988167496
Current - Driving axle X L3 - std,-0.5056855767595794,0.5056855767595794
Current - Driving axle X L1 - max,-0.4856316655260228,0.4856316655260228
Current - Driving axle X L2 - max,-0.4849267559757521,0.4849267559757521
Current - Driving axle X L3 - max,-0.48113915617730174,0.48113915617730174
Current - Driving axle Y L1 - std,-0.46076654530907246,0.46076654530907246
Current - Driving axle Y L3 - std,-0.45679750223188226,0.45679750223188226
Current - Driving axle Y L2 - std,-0.4564063504144289,0.4564063504144289
Accelerometer - X Driving axle -X - std,-0.4492902062361809,0.4492902062361809
Accelerometer - Y Driving axle -X - std,-0.4300991686842156,0.4300991686842156
Accelerometer - Y Driving axle +Y - std,-0.4124077329287271,0.4124077329287271
Accelerometer - X Driving axle +Z - std,-0.4046425087972844,0.4046425087972844
Accelerometer - Y Driving axle +Z - std,-0.36471184802108025,0.36471184802108025
Current - Driving axle Y L1 - max,-0.36089242126562193,0.36089242126562193
Current - Spindle L3 - mean,-0.3478327792325491,0.3478327792325491
Current - Spindle L2 - mean,-0.34782391483225056,0.34782391483225056
Accelerometer - Spindle +Y - skew,-0.34713242446094295,0.34713242446094295
Current - Spindle L1 - mean,-0.34682679129665006,0.34682679129665006
Current - Driving axle Y L3 - max,-0.341340591043013,0.341340591043013
Current - Driving axle Y L2 - max,-0.34040891817277896,0.34040891817277896
Accelerometer - X Driving axle -X - max,-0.28810236876413453,0.28810236876413453
Accelerometer - Spindle -X - max,-0.2719363876353061,0.2719363876353061
Accelerometer - X Driving axle -X - min,0.2651037106842306,0.2651037106842306
Accelerometer - Spindle -X - min,0.2525411476927304,0.2525411476927304
Current - Driving axle Y L2 - kurtosis,0.23494612531453105,0.23494612531453105
Current - Driving axle X L1 - skew,-0.2342554429837035,0.2342554429837035
Current - Driving axle X L3 - kurtosis,0.2338369512793306,0.2338369512793306
Current - Driving axle Y L2 - min,-0.2313912536755335,0.2313912536755335
Current - Driving axle Y L3 - min,-0.22586404938998086,0.22586404938998086
Current - Driving axle X L3 - skew,-0.22405742765285944,0.22405742765285944
Current - Driving axle X L2 - kurtosis,0.22352768384914115,0.22352768384914115
Current - Driving axle X L1 - kurtosis,0.21704651938442135,0.21704651938442135
Accelerometer - Spindle +Y - min,-0.2155437480250057,0.2155437480250057
Current - Driving axle X L2 - skew,-0.21320771469058525,0.21320771469058525
Current - Driving axle Y L3 - kurtosis,0.2086483025748488,0.2086483025748488
Current - Driving axle Y L1 - min,-0.20704865675483314,0.20704865675483314
Accelerometer - Spindle +Y - kurtosis,0.19978350777498585,0.19978350777498585
Current - Driving axle Z L2 - min,-0.18633482504784882,0.18633482504784882
Current - Driving axle Y L1 - kurtosis,0.1849408956977115,0.1849408956977115
Current - Driving axle X L3 - min,-0.18286248409305506,0.18286248409305506
Current - Driving axle X L1 - min,-0.17745835449324468,0.17745835449324468
Current - Driving axle X L2 - min,-0.1692683389853716,0.1692683389853716
Current - Spindle L3 - kurtosis,0.166214985752157,0.166214985752157
Current - Spindle L1 - kurtosis,0.1656858808899917,0.1656858808899917
Accelerometer - Spindle -X - kurtosis,-0.16228429986994342,0.16228429986994342
Accelerometer - Y Driving axle -X - min,0.16173763489685347,0.16173763489685347
Current - Spindle L3 - std,-0.16136443573143652,0.16136443573143652
Current - Spindle L2 - std,-0.16110137285888354,0.16110137285888354
Current - Spindle L2 - kurtosis,0.16105712627645002,0.16105712627645002
Accelerometer - Y Driving axle -X - max,-0.16038786067238592,0.16038786067238592
Current - Spindle L1 - std,-0.16031242807655316,0.16031242807655316
Accelerometer - Spindle -Z - max,-0.14856774902920433,0.14856774902920433
Accelerometer - X Driving axle +Z - max,-0.1377245929647273,0.1377245929647273
Accelerometer - Spindle +Y - mean,-0.1282849810993756,0.1282849810993756
Accelerometer - X Driving axle +Z - min,0.1276137615063651,0.1276137615063651
Accelerometer - Spindle +Y - max,-0.12286679714947386,0.12286679714947386
Accelerometer - X Driving axle -X - skew,0.11821306969781427,0.11821306969781427
Accelerometer - Spindle -Z - kurtosis,-0.1080280489612024,0.1080280489612024
Accelerometer - Y Driving axle +Y - mean,-0.10733586047312409,0.10733586047312409
Accelerometer - Spindle -X - std,-0.10636582667005709,0.10636582667005709
Accelerometer - X Driving axle +Z - mean,-0.10601663404141629,0.10601663404141629
Accelerometer - Spindle -Z - std,-0.10545370451850525,0.10545370451850525
Accelerometer - Y Driving axle +Z - max,-0.09968829543073653,0.09968829543073653
Accelerometer - Spindle -X - skew,-0.09170051953672415,0.09170051953672415
Accelerometer - Y Driving axle +Z - mean,-0.09111377290371153,0.09111377290371153
Accelerometer - Y Driving axle +Y - max,-0.08975212445944508,0.08975212445944508
Accelerometer - Y Driving axle +Y - min,0.08850253402450324,0.08850253402450324
Accelerometer - Y Driving axle -X - kurtosis,0.08778114934800722,0.08778114934800722
Accelerometer - Y Driving axle +Z - min,0.07975100340768679,0.07975100340768679
Accelerometer - Y Driving axle -X - mean,-0.07451005968965907,0.07451005968965907
Accelerometer - Y Driving axle +Z - skew,-0.0722396408338988,0.0722396408338988
Accelerometer - Spindle +Y - std,0.0717240269806707,0.0717240269806707
Current - Driving axle Y L1 - skew,-0.0713114512285215,0.0713114512285215
Accelerometer - Y Driving axle +Y - skew,-0.062099376097089216,0.062099376097089216
Accelerometer - Spindle -Z - min,0.05817389947311918,0.05817389947311918
Accelerometer - Spindle -X - mean,-0.05775487131494906,0.05775487131494906
Accelerometer - Y Driving axle -X - skew,0.05337454158210642,0.05337454158210642
Current - Driving axle Z L3 - min,-0.053118880142957035,0.053118880142957035
Current - Driving axle Z L1 - std,0.053107990175157646,0.053107990175157646
Current - Driving axle Z L3 - std,0.052396506022782736,0.052396506022782736
Accelerometer - X Driving axle -X - kurtosis,-0.052314574285510396,0.052314574285510396
Current - Spindle L3 - min,-0.04851123585451872,0.04851123585451872
Current - Spindle L2 - min,-0.04810529541987777,0.04810529541987777
Current - Spindle L1 - min,-0.047995174027346585,0.047995174027346585
Current - Driving axle Z L2 - mean,-0.04480763321783669,0.04480763321783669
Current - Driving axle Y L3 - skew,-0.044266632875730585,0.044266632875730585
Current - Driving axle Z L1 - kurtosis,-0.044087675584533643,0.044087675584533643
Current - Driving axle Z L3 - kurtosis,-0.04003380078164194,0.04003380078164194
Accelerometer - Y Driving axle +Z - kurtosis,0.03959944378413529,0.03959944378413529
Current - Driving axle Z L1 - skew,-0.037949708516449084,0.037949708516449084
Current - Driving axle Z L3 - max,0.03692759701974962,0.03692759701974962
Current - Driving axle Z L3 - skew,-0.034640494229900905,0.034640494229900905
Current - Driving axle Z L2 - std,0.03333484532433066,0.03333484532433066
Current - Driving axle Z L2 - kurtosis,-0.03179982890940337,0.03179982890940337
Accelerometer - Spindle -Z - mean,-0.03174097829998286,0.03174097829998286
Accelerometer - X Driving axle -X - mean,-0.03152879307486306,0.03152879307486306
Accelerometer - X Driving axle +Z - skew,-0.029136323707242794,0.029136323707242794
Current - Driving axle Z L2 - skew,-0.024939863726724874,0.024939863726724874
Accelerometer - Y Driving axle +Y - kurtosis,0.021573866277051837,0.021573866277051837
Current - Spindle L2 - max,-0.018695379629929273,0.018695379629929273
Current - Driving axle Y L2 - skew,-0.01651898795064895,0.01651898795064895
Current - Driving axle Z L2 - max,0.01407787214414024,0.01407787214414024
Current - Driving axle Z L3 - mean,-0.014033950720852107,0.014033950720852107
Current - Driving axle Z L1 - max,0.012314791155954932,0.012314791155954932
Accelerometer - X Driving axle +Z - kurtosis,0.012296456350859769,0.012296456350859769
Current - Spindle L3 - max,-0.011871817878064605,0.011871817878064605
Current - Spindle L1 - skew,0.009542493811952641,0.009542493811952641
Current - Spindle L3 - skew,0.009403546416491059,0.009403546416491059
Current - Spindle L1 - max,-0.008412316897494193,0.008412316897494193
Current - Driving axle Z L1 - mean,0.007941955841671443,0.007941955841671443
Accelerometer - Spindle -Z - skew,0.007424374963379294,0.007424374963379294
Current - Driving axle Z L1 - min,-0.0033972144773526595,0.0033972144773526595
Current - Spindle L2 - skew,0.000856417465728291,0.000856417465728291
