experiment,model,fold,number_features,training_rows,validation_rows,training_tools,validation_tools,MAE,RMSE,R2
A_condition_based,DummyMean,1,125,673,164,"[3, 4, 5, 6, 7, 8, 101, 103, 105]","[9, 10]",0.25166916716968074,0.29078494714420766,-0.00017914642072636155
A_condition_based,DummyMean,2,125,671,166,"[3, 5, 6, 7, 8, 9, 10, 101, 103]","[4, 105]",0.2530151011690338,0.2921893683508223,-7.520981968323071e-07
A_condition_based,DummyMean,3,125,669,168,"[4, 5, 6, 8, 9, 10, 101, 103, 105]","[3, 7]",0.24624095670238097,0.2862306331743205,-3.108155803843715e-07
A_condition_based,DummyMean,4,125,670,167,"[3, 4, 6, 7, 9, 10, 101, 103, 105]","[5, 8]",0.25397874948197335,0.29320703776647633,-0.00020446919051719803
A_condition_based,DummyMean,5,125,665,172,"[3, 4, 5, 7, 8, 9, 10, 105]","[6, 101, 103]",0.25194671825581394,0.2911203165357342,-7.713652947494154e-07
A_condition_based,Ridge,1,125,673,164,"[3, 4, 5, 6, 7, 8, 101, 103, 105]","[9, 10]",0.5012951675500573,1.3661410190896126,-21.076235399565125
A_condition_based,Ridge,2,125,671,166,"[3, 5, 6, 7, 8, 9, 10, 101, 103]","[4, 105]",0.18575813230550492,0.2944558658029124,-0.01557482809218902
A_condition_based,Ridge,3,125,669,168,"[4, 5, 6, 8, 9, 10, 101, 103, 105]","[3, 7]",0.3354452940093018,1.5884460210544524,-29.797313551656984
A_condition_based,Ridge,4,125,670,167,"[3, 4, 6, 7, 9, 10, 101, 103, 105]","[5, 8]",0.289298981287355,0.36172904916901805,-0.5223229113858132
A_condition_based,Ridge,5,125,665,172,"[3, 4, 5, 7, 8, 9, 10, 105]","[6, 101, 103]",0.2042949046409358,0.27259763768762896,0.12320213967193472
A_condition_based,RandomForest,1,125,673,164,"[3, 4, 5, 6, 7, 8, 101, 103, 105]","[9, 10]",0.29575943317825654,0.3383858649176587,-0.35443566202437204
A_condition_based,RandomForest,2,125,671,166,"[3, 5, 6, 7, 8, 9, 10, 101, 103]","[4, 105]",0.11224156181439245,0.12795827500399498,0.808217815572944
A_condition_based,RandomForest,3,125,669,168,"[4, 5, 6, 8, 9, 10, 101, 103, 105]","[3, 7]",0.10532284762940289,0.12895743301576024,0.7970165303815586
A_condition_based,RandomForest,4,125,670,167,"[3, 4, 6, 7, 9, 10, 101, 103, 105]","[5, 8]",0.1960048364288072,0.2277151764924984,0.3967130070041983
A_condition_based,RandomForest,5,125,665,172,"[3, 4, 5, 7, 8, 9, 10, 105]","[6, 101, 103]",0.1684128329039454,0.2128180382040199,0.4655929530054964
B_current_based,DummyMean,1,77,673,164,"[3, 4, 5, 6, 7, 8, 101, 103, 105]","[9, 10]",0.25166916716968074,0.29078494714420766,-0.00017914642072636155
B_current_based,DummyMean,2,77,671,166,"[3, 5, 6, 7, 8, 9, 10, 101, 103]","[4, 105]",0.2530151011690338,0.2921893683508223,-7.520981968323071e-07
B_current_based,DummyMean,3,77,669,168,"[4, 5, 6, 8, 9, 10, 101, 103, 105]","[3, 7]",0.24624095670238097,0.2862306331743205,-3.108155803843715e-07
B_current_based,DummyMean,4,77,670,167,"[3, 4, 6, 7, 9, 10, 101, 103, 105]","[5, 8]",0.25397874948197335,0.29320703776647633,-0.00020446919051719803
B_current_based,DummyMean,5,77,665,172,"[3, 4, 5, 7, 8, 9, 10, 105]","[6, 101, 103]",0.25194671825581394,0.2911203165357342,-7.713652947494154e-07
B_current_based,Ridge,1,77,673,164,"[3, 4, 5, 6, 7, 8, 101, 103, 105]","[9, 10]",0.30162268682757937,0.3278891387688564,-0.2717097924913887
B_current_based,Ridge,2,77,671,166,"[3, 5, 6, 7, 8, 9, 10, 101, 103]","[4, 105]",0.1624544464128705,0.2149066740148109,0.45903232720445497
B_current_based,Ridge,3,77,669,168,"[4, 5, 6, 8, 9, 10, 101, 103, 105]","[3, 7]",0.16159430802870578,0.24906119431090154,0.24285328041163212
B_current_based,Ridge,4,77,670,167,"[3, 4, 6, 7, 9, 10, 101, 103, 105]","[5, 8]",0.23198903813147936,0.2696552359197772,0.15402461845671123
B_current_based,Ridge,5,77,665,172,"[3, 4, 5, 7, 8, 9, 10, 105]","[6, 101, 103]",0.20155572866255175,0.2592225992291296,0.20713174947613933
B_current_based,RandomForest,1,77,673,164,"[3, 4, 5, 6, 7, 8, 101, 103, 105]","[9, 10]",0.16369985340670837,0.1994780100583492,0.529321882576957
B_current_based,RandomForest,2,77,671,166,"[3, 5, 6, 7, 8, 9, 10, 101, 103]","[4, 105]",0.16035457793776642,0.18592876903418315,0.5950842260963385
B_current_based,RandomForest,3,77,669,168,"[4, 5, 6, 8, 9, 10, 101, 103, 105]","[3, 7]",0.15207534778964424,0.18481006043037884,0.5831122531838695
B_current_based,RandomForest,4,77,670,167,"[3, 4, 6, 7, 9, 10, 101, 103, 105]","[5, 8]",0.2538474856109043,0.3062547624604761,-0.09120340389434456
B_current_based,RandomForest,5,77,665,172,"[3, 4, 5, 7, 8, 9, 10, 105]","[6, 101, 103]",0.18341777772560897,0.22315717721442188,0.41240644457488074
C_vibration_based,DummyMean,1,53,673,164,"[3, 4, 5, 6, 7, 8, 101, 103, 105]","[9, 10]",0.25166916716968074,0.29078494714420766,-0.00017914642072636155
C_vibration_based,DummyMean,2,53,671,166,"[3, 5, 6, 7, 8, 9, 10, 101, 103]","[4, 105]",0.2530151011690338,0.2921893683508223,-7.520981968323071e-07
C_vibration_based,DummyMean,3,53,669,168,"[4, 5, 6, 8, 9, 10, 101, 103, 105]","[3, 7]",0.24624095670238097,0.2862306331743205,-3.108155803843715e-07
C_vibration_based,DummyMean,4,53,670,167,"[3, 4, 6, 7, 9, 10, 101, 103, 105]","[5, 8]",0.25397874948197335,0.29320703776647633,-0.00020446919051719803
C_vibration_based,DummyMean,5,53,665,172,"[3, 4, 5, 7, 8, 9, 10, 105]","[6, 101, 103]",0.25194671825581394,0.2911203165357342,-7.713652947494154e-07
C_vibration_based,Ridge,1,53,673,164,"[3, 4, 5, 6, 7, 8, 101, 103, 105]","[9, 10]",0.6132065959027599,2.271635404053757,-60.03953419080322
C_vibration_based,Ridge,2,53,671,166,"[3, 5, 6, 7, 8, 9, 10, 101, 103]","[4, 105]",0.20073155449578992,0.34224598005228285,-0.371981384916112
C_vibration_based,Ridge,3,53,669,168,"[4, 5, 6, 8, 9, 10, 101, 103, 105]","[3, 7]",0.3559233200676567,1.9287245767096228,-44.405487348494376
C_vibration_based,Ridge,4,53,670,167,"[3, 4, 6, 7, 9, 10, 101, 103, 105]","[5, 8]",0.30883542393250807,0.39175142549180997,-0.7855054533064272
C_vibration_based,Ridge,5,53,665,172,"[3, 4, 5, 7, 8, 9, 10, 105]","[6, 101, 103]",0.23552185322975056,0.36155135830915164,-0.5423939049350643
C_vibration_based,RandomForest,1,53,673,164,"[3, 4, 5, 6, 7, 8, 101, 103, 105]","[9, 10]",0.3390298436276244,0.38553393246534,-0.7581631356553566
C_vibration_based,RandomForest,2,53,671,166,"[3, 5, 6, 7, 8, 9, 10, 101, 103]","[4, 105]",0.07847433126166006,0.10198949129024003,0.8781621129702758
C_vibration_based,RandomForest,3,53,669,168,"[4, 5, 6, 8, 9, 10, 101, 103, 105]","[3, 7]",0.1141264438649496,0.14454686429875668,0.7449735285287985
C_vibration_based,RandomForest,4,53,670,167,"[3, 4, 6, 7, 9, 10, 101, 103, 105]","[5, 8]",0.16439666243331344,0.18827608015896627,0.5875889379235444
C_vibration_based,RandomForest,5,53,665,172,"[3, 4, 5, 7, 8, 9, 10, 105]","[6, 101, 103]",0.1765833729523833,0.22399267049552996,0.4079983454257001
D_age_aware,DummyMean,1,126,673,164,"[3, 4, 5, 6, 7, 8, 101, 103, 105]","[9, 10]",0.25166916716968074,0.29078494714420766,-0.00017914642072636155
D_age_aware,DummyMean,2,126,671,166,"[3, 5, 6, 7, 8, 9, 10, 101, 103]","[4, 105]",0.2530151011690338,0.2921893683508223,-7.520981968323071e-07
D_age_aware,DummyMean,3,126,669,168,"[4, 5, 6, 8, 9, 10, 101, 103, 105]","[3, 7]",0.24624095670238097,0.2862306331743205,-3.108155803843715e-07
D_age_aware,DummyMean,4,126,670,167,"[3, 4, 6, 7, 9, 10, 101, 103, 105]","[5, 8]",0.25397874948197335,0.29320703776647633,-0.00020446919051719803
D_age_aware,DummyMean,5,126,665,172,"[3, 4, 5, 7, 8, 9, 10, 105]","[6, 101, 103]",0.25194671825581394,0.2911203165357342,-7.713652947494154e-07
D_age_aware,Ridge,1,126,673,164,"[3, 4, 5, 6, 7, 8, 101, 103, 105]","[9, 10]",0.19206219956419746,0.4504407468354817,-1.3999892318733633
D_age_aware,Ridge,2,126,671,166,"[3, 5, 6, 7, 8, 9, 10, 101, 103]","[4, 105]",0.24951054294850988,0.27120361214833255,0.13848578712062543
D_age_aware,Ridge,3,126,669,168,"[4, 5, 6, 8, 9, 10, 101, 103, 105]","[3, 7]",0.2413484971407367,1.032952047284496,-12.023515579896197
D_age_aware,Ridge,4,126,670,167,"[3, 4, 6, 7, 9, 10, 101, 103, 105]","[5, 8]",0.24299512874392323,0.27673225791893385,0.10903717580845407
D_age_aware,Ridge,5,126,665,172,"[3, 4, 5, 7, 8, 9, 10, 105]","[6, 101, 103]",0.26919219985073306,0.3116744714140536,-0.1461930443875592
D_age_aware,RandomForest,1,126,673,164,"[3, 4, 5, 6, 7, 8, 101, 103, 105]","[9, 10]",0.2663456178820443,0.30374804331611016,-0.09134215616045127
D_age_aware,RandomForest,2,126,671,166,"[3, 5, 6, 7, 8, 9, 10, 101, 103]","[4, 105]",0.08765209407149809,0.1028711953292481,0.8760464184475535
D_age_aware,RandomForest,3,126,669,168,"[4, 5, 6, 8, 9, 10, 101, 103, 105]","[3, 7]",0.10085095740845393,0.11940684898529749,0.8259690911160606
D_age_aware,RandomForest,4,126,670,167,"[3, 4, 6, 7, 9, 10, 101, 103, 105]","[5, 8]",0.1626032089589945,0.19142224327958113,0.5736906941291953
D_age_aware,RandomForest,5,126,665,172,"[3, 4, 5, 7, 8, 9, 10, 105]","[6, 101, 103]",0.15082651824857954,0.19327412354669096,0.5592394356452428
