Dataset,ToolIndex,NumberOfCycle,ActualHealth,AnomalyScore,IsolationForestLabel,IsAnomaly,HealthBand
TRAIN,3,1,1.0,-0.044666499849885355,1,False,HEALTHY
TRAIN,3,2,0.979591837,-0.016792943338574562,1,False,HEALTHY
TRAIN,3,3,0.959183673,-0.046966299621115926,1,False,HEALTHY
TRAIN,3,4,0.93877551,-0.06036972714535355,1,False,HEALTHY
TRAIN,3,6,0.897959184,-0.04157308743044824,1,False,HEALTHY
TRAIN,3,7,0.87755102,-0.05619583473810641,1,False,HEALTHY
TRAIN,3,8,0.857142857,-0.03829767256897704,1,False,HEALTHY
TRAIN,3,10,0.816326531,-0.021998832741762453,1,False,HEALTHY
TRAIN,3,11,0.795918367,-0.048477573107746086,1,False,HEALTHY
TRAIN,3,13,0.755102041,0.008830723323765666,-1,True,HEALTHY
TRAIN,3,14,0.734693878,-0.02753682406806529,1,False,EARLY_WEAR
TRAIN,3,15,0.714285714,-0.05053406263616805,1,False,EARLY_WEAR
TRAIN,3,16,0.693877551,-0.03162572470160657,1,False,EARLY_WEAR
TRAIN,3,17,0.673469388,0.014484583611415802,-1,True,EARLY_WEAR
TRAIN,3,18,0.653061224,-0.009645904856539989,1,False,EARLY_WEAR
TRAIN,3,19,0.632653061,-0.04691501611996468,1,False,EARLY_WEAR
TRAIN,3,20,0.612244898,-0.06707961646909405,1,False,EARLY_WEAR
TRAIN,3,21,0.591836735,0.014094370598841333,-1,True,EARLY_WEAR
TRAIN,3,22,0.571428571,0.004324872066432506,-1,True,EARLY_WEAR
TRAIN,3,23,0.551020408,-0.02195506505460837,1,False,EARLY_WEAR
TRAIN,3,24,0.530612245,-0.04426641292516137,1,False,EARLY_WEAR
TRAIN,3,25,0.510204082,0.041837369451150797,-1,True,EARLY_WEAR
TRAIN,3,26,0.489795918,0.04681626019715379,-1,True,DEGRADED
TRAIN,3,27,0.469387755,0.007878245468370293,-1,True,DEGRADED
TRAIN,3,28,0.448979592,0.006151459523548952,-1,True,DEGRADED
TRAIN,3,29,0.428571429,0.060659313297712236,-1,True,DEGRADED
TRAIN,3,30,0.408163265,0.08023269686773071,-1,True,DEGRADED
TRAIN,3,31,0.387755102,0.030072629428627318,-1,True,DEGRADED
TRAIN,3,32,0.367346939,-0.017726691232980762,1,False,DEGRADED
TRAIN,3,33,0.346938776,0.06819842416648558,-1,True,DEGRADED
TRAIN,3,34,0.326530612,0.06452951399298712,-1,True,DEGRADED
TRAIN,3,35,0.306122449,0.044294660909910855,-1,True,DEGRADED
TRAIN,3,36,0.285714286,-0.012614001452487922,1,False,DEGRADED
TRAIN,3,37,0.265306122,0.07517018932709174,-1,True,DEGRADED
TRAIN,3,38,0.244897959,0.07324117886714665,-1,True,CRITICAL
TRAIN,3,40,0.204081633,0.03449864913312095,-1,True,CRITICAL
TRAIN,3,41,0.183673469,0.0712186815130802,-1,True,CRITICAL
TRAIN,3,42,0.163265306,0.08567850299867041,-1,True,CRITICAL
TRAIN,3,43,0.142857143,0.12424472979002654,-1,True,CRITICAL
TRAIN,3,44,0.12244898,0.051369891559706504,-1,True,CRITICAL
TRAIN,3,45,0.102040816,0.11671262708931851,-1,True,CRITICAL
TRAIN,3,46,0.081632653,0.09289366833725532,-1,True,CRITICAL
TRAIN,3,49,0.020408163,0.13754516965913366,-1,True,CRITICAL
TRAIN,3,50,0.0,0.1308665773682629,-1,True,CRITICAL
TRAIN,4,1,1.0,-0.030928814045871,1,False,HEALTHY
TRAIN,4,2,0.975,-0.0864359753756676,1,False,HEALTHY
TRAIN,4,3,0.95,-0.09224412561357054,1,False,HEALTHY
TRAIN,4,4,0.925,-0.09117675940849196,1,False,HEALTHY
TRAIN,4,5,0.9,-0.0811052235991142,1,False,HEALTHY
TRAIN,4,6,0.875,-0.08590198822800227,1,False,HEALTHY
TRAIN,4,7,0.85,-0.08913939191522269,1,False,HEALTHY
TRAIN,4,8,0.825,0.053089149177467876,-1,True,HEALTHY
TRAIN,4,9,0.8,-0.054634323083331604,1,False,HEALTHY
TRAIN,4,10,0.775,-0.07137790932253002,1,False,HEALTHY
TRAIN,4,11,0.75,-0.06089452869177886,1,False,HEALTHY
TRAIN,4,12,0.725,-0.06867586587767388,1,False,EARLY_WEAR
TRAIN,4,13,0.7,-0.026099419246520816,1,False,EARLY_WEAR
TRAIN,4,14,0.675,-0.03475677298360591,1,False,EARLY_WEAR
TRAIN,4,15,0.65,-0.03078001829535615,1,False,EARLY_WEAR
TRAIN,4,16,0.625,-0.06411318100546837,1,False,EARLY_WEAR
TRAIN,4,17,0.6,-0.03798177616760656,1,False,EARLY_WEAR
TRAIN,4,18,0.575,-0.04964649312686187,1,False,EARLY_WEAR
TRAIN,4,19,0.55,-0.04891864643612809,1,False,EARLY_WEAR
TRAIN,4,20,0.525,-0.05700047299127414,1,False,EARLY_WEAR
TRAIN,4,21,0.5,-0.05244300664029561,1,False,EARLY_WEAR
TRAIN,4,22,0.475,-0.0418360393471951,1,False,DEGRADED
TRAIN,4,23,0.45,-0.06021895550566975,1,False,DEGRADED
TRAIN,4,24,0.425,-0.08218264455403296,1,False,DEGRADED
TRAIN,4,25,0.4,-0.059421323197789144,1,False,DEGRADED
TRAIN,4,26,0.375,-0.018323846121653886,1,False,DEGRADED
TRAIN,4,27,0.35,-0.03147187184559308,1,False,DEGRADED
TRAIN,4,28,0.325,-0.04758386528254349,1,False,DEGRADED
TRAIN,4,29,0.3,-0.006324297839875537,1,False,DEGRADED
TRAIN,4,30,0.275,0.02394734275590016,-1,True,DEGRADED
TRAIN,4,31,0.25,0.014101647922739935,-1,True,DEGRADED
TRAIN,4,32,0.225,-0.02509669576115975,1,False,CRITICAL
TRAIN,4,33,0.2,0.036716861292781844,-1,True,CRITICAL
TRAIN,4,34,0.175,0.0447462868738816,-1,True,CRITICAL
TRAIN,4,35,0.15,0.05434981797331273,-1,True,CRITICAL
TRAIN,4,36,0.125,0.016647502259086067,-1,True,CRITICAL
TRAIN,4,37,0.1,0.04629483549738478,-1,True,CRITICAL
TRAIN,4,38,0.075,0.04548146142033893,-1,True,CRITICAL
TRAIN,4,39,0.05,0.045309141425983634,-1,True,CRITICAL
TRAIN,4,40,0.025,-0.016017462302159113,1,False,CRITICAL
TRAIN,4,41,0.0,0.05241022948784002,-1,True,CRITICAL
TRAIN,5,1,1.0,-0.02965655756667207,1,False,HEALTHY
TRAIN,5,2,0.981132075,-0.022686672319948864,1,False,HEALTHY
TRAIN,5,3,0.962264151,-0.03779804313745477,1,False,HEALTHY
TRAIN,5,4,0.943396226,-0.033398757828266734,1,False,HEALTHY
TRAIN,5,5,0.924528302,0.005098874204190806,-1,True,HEALTHY
TRAIN,5,6,0.905660377,0.0027239993910752047,-1,True,HEALTHY
TRAIN,5,7,0.886792453,-0.008515547300857185,1,False,HEALTHY
TRAIN,5,8,0.867924528,-0.0506336530485017,1,False,HEALTHY
TRAIN,5,9,0.849056604,0.01821820246842709,-1,True,HEALTHY
TRAIN,5,10,0.830188679,0.0016662168877623063,-1,True,HEALTHY
TRAIN,5,12,0.79245283,-0.06022553584836954,1,False,HEALTHY
TRAIN,5,13,0.773584906,0.0024088259198966067,-1,True,HEALTHY
TRAIN,5,14,0.754716981,0.025285659137248673,-1,True,HEALTHY
TRAIN,5,15,0.735849057,-0.02451595052250427,1,False,EARLY_WEAR
TRAIN,5,17,0.698113208,0.034997476445339015,-1,True,EARLY_WEAR
TRAIN,5,18,0.679245283,0.04796919321768589,-1,True,EARLY_WEAR
TRAIN,5,19,0.660377358,0.022271952628014624,-1,True,EARLY_WEAR
TRAIN,5,20,0.641509434,0.006897945375440362,-1,True,EARLY_WEAR
TRAIN,5,21,0.622641509,0.05888765118394146,-1,True,EARLY_WEAR
TRAIN,5,22,0.603773585,0.05579127114329696,-1,True,EARLY_WEAR
TRAIN,5,23,0.58490566,0.04102960789619403,-1,True,EARLY_WEAR
TRAIN,5,25,0.547169811,0.070236416773795,-1,True,EARLY_WEAR
TRAIN,5,26,0.528301887,0.05155613649936408,-1,True,EARLY_WEAR
TRAIN,5,27,0.509433962,0.03675167952377856,-1,True,EARLY_WEAR
TRAIN,5,28,0.490566038,-0.01627305364215964,1,False,DEGRADED
TRAIN,5,29,0.471698113,0.07094122503497724,-1,True,DEGRADED
TRAIN,5,30,0.452830189,0.0508202279251293,-1,True,DEGRADED
TRAIN,5,31,0.433962264,0.05946514304656181,-1,True,DEGRADED
TRAIN,5,32,0.41509434,-0.005486252622114995,1,False,DEGRADED
TRAIN,5,33,0.396226415,0.08112506119570773,-1,True,DEGRADED
TRAIN,5,34,0.377358491,0.05738803206831622,-1,True,DEGRADED
TRAIN,5,35,0.358490566,0.05612601736750211,-1,True,DEGRADED
TRAIN,5,36,0.339622642,-0.0069440427944730265,1,False,DEGRADED
TRAIN,5,37,0.320754717,0.0800120493066222,-1,True,DEGRADED
TRAIN,5,38,0.301886792,0.05835621118211942,-1,True,DEGRADED
TRAIN,5,39,0.283018868,0.06297530424264286,-1,True,DEGRADED
TRAIN,5,40,0.264150943,-0.0035457890088662625,1,False,DEGRADED
TRAIN,5,41,0.245283019,0.090898951287114,-1,True,CRITICAL
TRAIN,5,42,0.226415094,0.0628838299004687,-1,True,CRITICAL
TRAIN,5,43,0.20754717,0.06532664413813716,-1,True,CRITICAL
TRAIN,5,44,0.188679245,0.03850262415232453,-1,True,CRITICAL
TRAIN,5,45,0.169811321,0.09068611432450835,-1,True,CRITICAL
TRAIN,5,46,0.150943396,0.0958848337182362,-1,True,CRITICAL
TRAIN,5,47,0.132075472,0.08941026605298097,-1,True,CRITICAL
TRAIN,5,48,0.113207547,0.06727920490270112,-1,True,CRITICAL
TRAIN,5,49,0.094339623,0.08694086796562162,-1,True,CRITICAL
TRAIN,5,50,0.075471698,0.06988458147385701,-1,True,CRITICAL
TRAIN,5,51,0.056603774,0.07433303589241314,-1,True,CRITICAL
TRAIN,5,52,0.037735849,0.06242694425995354,-1,True,CRITICAL
TRAIN,5,53,0.018867925,0.08816193164808728,-1,True,CRITICAL
TRAIN,5,54,0.0,0.10077903745496053,-1,True,CRITICAL
TRAIN,6,1,1.0,-0.07150889719218717,1,False,HEALTHY
TRAIN,6,3,0.931034483,-0.08173872670195798,1,False,HEALTHY
TRAIN,6,4,0.896551724,-0.030556426021220606,1,False,HEALTHY
TRAIN,6,5,0.862068966,-0.07616503994384344,1,False,HEALTHY
TRAIN,6,6,0.827586207,-0.057813799895467366,1,False,HEALTHY
TRAIN,6,7,0.793103448,-0.08819005490893694,1,False,HEALTHY
TRAIN,6,8,0.75862069,-0.09341733560046378,1,False,HEALTHY
TRAIN,6,9,0.724137931,-0.07035171488926295,1,False,EARLY_WEAR
TRAIN,6,10,0.689655172,-0.050485602509440064,1,False,EARLY_WEAR
TRAIN,6,11,0.655172414,-0.07592973801510183,1,False,EARLY_WEAR
TRAIN,6,12,0.620689655,-0.08763627759714165,1,False,EARLY_WEAR
TRAIN,6,13,0.586206897,-0.05284060544098823,1,False,EARLY_WEAR
TRAIN,6,14,0.551724138,-0.05390543083653204,1,False,EARLY_WEAR
TRAIN,6,15,0.517241379,-0.048789324387410515,1,False,EARLY_WEAR
TRAIN,6,16,0.482758621,-0.05038329494083976,1,False,DEGRADED
TRAIN,6,17,0.448275862,-0.024034127397478844,1,False,DEGRADED
TRAIN,6,18,0.413793103,0.014996669929807305,-1,True,DEGRADED
TRAIN,6,19,0.379310345,-0.011941757717725376,1,False,DEGRADED
TRAIN,6,20,0.344827586,-0.025675963657540157,1,False,DEGRADED
TRAIN,6,21,0.310344828,0.007492163598750545,-1,True,DEGRADED
TRAIN,6,22,0.275862069,0.038008900710012505,-1,True,DEGRADED
TRAIN,6,23,0.24137931,0.02404197316614831,-1,True,CRITICAL
TRAIN,6,24,0.206896552,0.0009805866478387881,-1,True,CRITICAL
TRAIN,6,25,0.172413793,0.047093293951615434,-1,True,CRITICAL
TRAIN,6,26,0.137931034,0.054471261672207394,-1,True,CRITICAL
TRAIN,6,27,0.103448276,0.04236424597852306,-1,True,CRITICAL
TRAIN,6,28,0.068965517,0.018762879496402207,-1,True,CRITICAL
TRAIN,6,30,0.0,0.06475288852192373,-1,True,CRITICAL
TRAIN,7,1,1.0,-0.056765686830884066,1,False,HEALTHY
TRAIN,7,2,0.992063492,-0.08355995077178602,1,False,HEALTHY
TRAIN,7,3,0.984126984,-0.09022828140795569,1,False,HEALTHY
TRAIN,7,4,0.976190476,-0.08790933247161714,1,False,HEALTHY
TRAIN,7,5,0.968253968,-0.09663488520867314,1,False,HEALTHY
TRAIN,7,6,0.96031746,-0.08943825874856176,1,False,HEALTHY
TRAIN,7,7,0.952380952,-0.0943916452525404,1,False,HEALTHY
TRAIN,7,8,0.944444444,-0.08117207823102074,1,False,HEALTHY
TRAIN,7,9,0.936507937,-0.08900568411658855,1,False,HEALTHY
TRAIN,7,10,0.928571429,-0.09835565641300159,1,False,HEALTHY
TRAIN,7,11,0.920634921,-0.09462431989269826,1,False,HEALTHY
TRAIN,7,12,0.912698413,-0.09610691785852093,1,False,HEALTHY
TRAIN,7,13,0.904761905,-0.0925663177068135,1,False,HEALTHY
TRAIN,7,14,0.896825397,-0.08864920053335917,1,False,HEALTHY
TRAIN,7,15,0.888888889,-0.01939890244277348,1,False,HEALTHY
TRAIN,7,16,0.880952381,-0.03280557123625588,1,False,HEALTHY
TRAIN,7,17,0.873015873,-0.09920013241660508,1,False,HEALTHY
TRAIN,7,18,0.865079365,-0.10481375450285457,1,False,HEALTHY
TRAIN,7,19,0.857142857,-0.10355381524877583,1,False,HEALTHY
TRAIN,7,22,0.833333333,-0.07723527069674968,1,False,HEALTHY
TRAIN,7,23,0.825396825,-0.08881570722941834,1,False,HEALTHY
TRAIN,7,24,0.817460317,-0.08642798697904747,1,False,HEALTHY
TRAIN,7,25,0.80952381,-0.09682755768582463,1,False,HEALTHY
TRAIN,7,26,0.801587302,-0.08805011892209808,1,False,HEALTHY
TRAIN,7,27,0.793650794,-0.0331734100748306,1,False,HEALTHY
TRAIN,7,28,0.785714286,-0.07929692394605986,1,False,HEALTHY
TRAIN,7,29,0.777777778,-0.0677403317171078,1,False,HEALTHY
TRAIN,7,30,0.76984127,-0.0544612082866579,1,False,HEALTHY
TRAIN,7,31,0.761904762,-0.0945143714513183,1,False,HEALTHY
TRAIN,7,32,0.753968254,-0.10815477521533917,1,False,HEALTHY
TRAIN,7,33,0.746031746,-0.10053190382623994,1,False,EARLY_WEAR
TRAIN,7,34,0.738095238,-0.10262273318950677,1,False,EARLY_WEAR
TRAIN,7,35,0.73015873,-0.09436285045188086,1,False,EARLY_WEAR
TRAIN,7,36,0.722222222,-0.07515879109138723,1,False,EARLY_WEAR
TRAIN,7,37,0.714285714,-0.0775982284748224,1,False,EARLY_WEAR
TRAIN,7,38,0.706349206,-0.09213307322412512,1,False,EARLY_WEAR
TRAIN,7,39,0.698412698,-0.10151872687239083,1,False,EARLY_WEAR
TRAIN,7,40,0.69047619,-0.10148424416024998,1,False,EARLY_WEAR
TRAIN,7,41,0.682539683,-0.08282050101361393,1,False,EARLY_WEAR
TRAIN,7,42,0.674603175,-0.0978715392187558,1,False,EARLY_WEAR
TRAIN,7,43,0.666666667,-0.0482369677605492,1,False,EARLY_WEAR
TRAIN,7,44,0.658730159,-0.037300439682422415,1,False,EARLY_WEAR
TRAIN,7,45,0.650793651,-0.05626739672524711,1,False,EARLY_WEAR
TRAIN,7,46,0.642857143,-0.010495427233963517,1,False,EARLY_WEAR
TRAIN,7,47,0.634920635,-0.0899517270750535,1,False,EARLY_WEAR
TRAIN,7,48,0.626984127,-0.08587171819984141,1,False,EARLY_WEAR
TRAIN,7,49,0.619047619,-0.08929626141307562,1,False,EARLY_WEAR
TRAIN,7,50,0.611111111,-0.051397399931670584,1,False,EARLY_WEAR
TRAIN,7,51,0.603174603,-0.04553959439157995,1,False,EARLY_WEAR
TRAIN,7,52,0.595238095,-0.05810358305990215,1,False,EARLY_WEAR
TRAIN,7,53,0.587301587,-0.059506899097571564,1,False,EARLY_WEAR
TRAIN,7,54,0.579365079,-0.08647801712294301,1,False,EARLY_WEAR
TRAIN,7,55,0.571428571,-0.0784419288490259,1,False,EARLY_WEAR
TRAIN,7,56,0.563492063,-0.09373740138640962,1,False,EARLY_WEAR
TRAIN,7,57,0.555555556,-0.03907536868308292,1,False,EARLY_WEAR
TRAIN,7,58,0.547619048,0.005508779336410863,-1,True,EARLY_WEAR
TRAIN,7,59,0.53968254,-0.06015987394361055,1,False,EARLY_WEAR
TRAIN,7,60,0.531746032,-0.0791329251013651,1,False,EARLY_WEAR
TRAIN,7,61,0.523809524,-0.0908480095655072,1,False,EARLY_WEAR
TRAIN,7,62,0.515873016,-0.08805436585277732,1,False,EARLY_WEAR
TRAIN,7,63,0.507936508,-0.09999363063927347,1,False,EARLY_WEAR
TRAIN,7,64,0.5,-0.03565375213212141,1,False,EARLY_WEAR
TRAIN,7,65,0.492063492,-0.043016308730999764,1,False,DEGRADED
TRAIN,7,66,0.484126984,-0.06167721534648313,1,False,DEGRADED
TRAIN,7,67,0.476190476,-0.07161477696405855,1,False,DEGRADED
TRAIN,7,68,0.468253968,-0.07121108183554331,1,False,DEGRADED
TRAIN,7,69,0.46031746,-0.08426407857787815,1,False,DEGRADED
TRAIN,7,70,0.452380952,-0.09390698603955083,1,False,DEGRADED
TRAIN,7,71,0.444444444,0.05774986466947385,-1,True,DEGRADED
TRAIN,7,72,0.436507937,-0.005167363876435793,1,False,DEGRADED
TRAIN,7,73,0.428571429,-0.041847594573210745,1,False,DEGRADED
TRAIN,7,74,0.420634921,-0.05164532963864249,1,False,DEGRADED
TRAIN,7,75,0.412698413,-0.08255349972392984,1,False,DEGRADED
TRAIN,7,76,0.404761905,-0.08845086119391399,1,False,DEGRADED
TRAIN,7,77,0.396825397,-0.08540353512926041,1,False,DEGRADED
TRAIN,7,78,0.388888889,0.007951530261736617,-1,True,DEGRADED
TRAIN,7,79,0.380952381,-0.022973549725609166,1,False,DEGRADED
TRAIN,7,80,0.373015873,-0.03645550142430071,1,False,DEGRADED
TRAIN,7,81,0.365079365,-0.056761048545536374,1,False,DEGRADED
TRAIN,7,82,0.357142857,-0.06585789846502799,1,False,DEGRADED
TRAIN,7,83,0.349206349,-0.07795862076337984,1,False,DEGRADED
TRAIN,7,84,0.341269841,-0.09563893757819447,1,False,DEGRADED
TRAIN,7,85,0.333333333,0.006879348203947755,-1,True,DEGRADED
TRAIN,7,86,0.325396825,0.08007136882288213,-1,True,DEGRADED
TRAIN,7,87,0.317460317,0.020608524334970624,-1,True,DEGRADED
TRAIN,7,88,0.30952381,-0.005669805296932784,1,False,DEGRADED
TRAIN,7,89,0.301587302,-0.031843869691869364,1,False,DEGRADED
TRAIN,7,90,0.293650794,-0.04971738192519326,1,False,DEGRADED
TRAIN,7,91,0.285714286,-0.06607877000927853,1,False,DEGRADED
TRAIN,7,92,0.277777778,0.03857439995931977,-1,True,DEGRADED
TRAIN,7,93,0.26984127,0.033305260645158374,-1,True,DEGRADED
TRAIN,7,94,0.261904762,0.03888209832000311,-1,True,DEGRADED
TRAIN,7,95,0.253968254,0.0033681332118161156,-1,True,DEGRADED
TRAIN,7,96,0.246031746,-0.021585248543373015,1,False,CRITICAL
TRAIN,7,97,0.238095238,-0.04799192365648963,1,False,CRITICAL
TRAIN,7,98,0.23015873,-0.06812221378831884,1,False,CRITICAL
TRAIN,7,99,0.222222222,0.032602890475998514,-1,True,CRITICAL
TRAIN,7,100,0.214285714,0.04311619355142904,-1,True,CRITICAL
TRAIN,7,101,0.206349206,0.03359972409502365,-1,True,CRITICAL
TRAIN,7,102,0.198412698,0.009934975758936038,-1,True,CRITICAL
TRAIN,7,103,0.19047619,0.07983787557610211,-1,True,CRITICAL
TRAIN,7,104,0.182539683,-0.04614402716455912,1,False,CRITICAL
TRAIN,7,105,0.174603175,-0.07888145009975567,1,False,CRITICAL
TRAIN,7,106,0.166666667,0.033581999403580864,-1,True,CRITICAL
TRAIN,7,107,0.158730159,0.043956001322012606,-1,True,CRITICAL
TRAIN,7,108,0.150793651,0.04178987783512622,-1,True,CRITICAL
TRAIN,7,109,0.142857143,0.02336812690331913,-1,True,CRITICAL
TRAIN,7,110,0.134920635,-0.014309589099144593,1,False,CRITICAL
TRAIN,7,111,0.126984127,-0.04125079852397756,1,False,CRITICAL
TRAIN,7,112,0.119047619,-0.07348594016465271,1,False,CRITICAL
TRAIN,7,113,0.111111111,0.029975858438666347,-1,True,CRITICAL
TRAIN,7,114,0.103174603,0.04177528733624902,-1,True,CRITICAL
TRAIN,7,115,0.095238095,0.027081665542980193,-1,True,CRITICAL
TRAIN,7,116,0.087301587,0.025295704526532847,-1,True,CRITICAL
TRAIN,7,117,0.079365079,-0.010588403185338047,1,False,CRITICAL
TRAIN,7,118,0.071428571,-0.036879736984588796,1,False,CRITICAL
TRAIN,7,119,0.063492063,-0.05642575110659992,1,False,CRITICAL
TRAIN,7,120,0.055555556,0.015400627567497494,-1,True,CRITICAL
TRAIN,7,121,0.047619048,0.08590636495340942,-1,True,CRITICAL
TRAIN,7,122,0.03968254,0.09165543239868257,-1,True,CRITICAL
TRAIN,7,123,0.031746032,0.021742357226035458,-1,True,CRITICAL
TRAIN,7,124,0.023809524,0.05482986235008236,-1,True,CRITICAL
TRAIN,7,125,0.015873016,0.10034834836279016,-1,True,CRITICAL
TRAIN,7,127,0.0,0.06377587867207024,-1,True,CRITICAL
TRAIN,8,1,1.0,-0.04728642901944552,1,False,HEALTHY
TRAIN,8,2,0.991304348,-0.09108957543482943,1,False,HEALTHY
TRAIN,8,3,0.982608696,-0.09752524766230514,1,False,HEALTHY
TRAIN,8,4,0.973913043,0.007589051174451467,-1,True,HEALTHY
TRAIN,8,5,0.965217391,-0.09204860722022112,1,False,HEALTHY
TRAIN,8,6,0.956521739,-0.08389941981028348,1,False,HEALTHY
TRAIN,8,7,0.947826087,-0.0917373613952942,1,False,HEALTHY
TRAIN,8,8,0.939130435,0.004764543640598584,-1,True,HEALTHY
TRAIN,8,9,0.930434783,-0.0851106687507947,1,False,HEALTHY
TRAIN,8,10,0.92173913,0.01946222195289693,-1,True,HEALTHY
TRAIN,8,11,0.913043478,-0.07719351396930396,1,False,HEALTHY
TRAIN,8,12,0.904347826,-0.07509991116640896,1,False,HEALTHY
TRAIN,8,13,0.895652174,-0.07574878191505352,1,False,HEALTHY
TRAIN,8,14,0.886956522,-0.08403513828065085,1,False,HEALTHY
TRAIN,8,15,0.87826087,0.05025544621948075,-1,True,HEALTHY
TRAIN,8,16,0.869565217,-0.00041655422194059044,1,False,HEALTHY
TRAIN,8,17,0.860869565,-0.022473024475420544,1,False,HEALTHY
TRAIN,8,18,0.852173913,-0.09794960868918046,1,False,HEALTHY
TRAIN,8,19,0.843478261,-0.0958504229631118,1,False,HEALTHY
TRAIN,8,20,0.834782609,-0.08936527288556284,1,False,HEALTHY
TRAIN,8,21,0.826086957,-0.09598078368842577,1,False,HEALTHY
TRAIN,8,22,0.817391304,-0.054792523033110274,1,False,HEALTHY
TRAIN,8,23,0.808695652,-0.0875882297420491,1,False,HEALTHY
TRAIN,8,24,0.8,-0.08848514035244143,1,False,HEALTHY
TRAIN,8,25,0.791304348,-0.09028704155876777,1,False,HEALTHY
TRAIN,8,26,0.782608696,-0.08634387207031968,1,False,HEALTHY
TRAIN,8,27,0.773913043,-0.07712559069959801,1,False,HEALTHY
TRAIN,8,28,0.765217391,-0.07580015466780116,1,False,HEALTHY
TRAIN,8,29,0.756521739,-0.06707517669433216,1,False,HEALTHY
TRAIN,8,30,0.747826087,-0.09483616057503541,1,False,EARLY_WEAR
TRAIN,8,31,0.739130435,-0.09921443507672906,1,False,EARLY_WEAR
TRAIN,8,32,0.730434783,-0.036989638412879444,1,False,EARLY_WEAR
TRAIN,8,33,0.72173913,-0.10028723636800824,1,False,EARLY_WEAR
TRAIN,8,34,0.713043478,-0.09476561113089416,1,False,EARLY_WEAR
TRAIN,8,35,0.704347826,-0.07117230015698023,1,False,EARLY_WEAR
TRAIN,8,36,0.695652174,-0.0532283715496496,1,False,EARLY_WEAR
TRAIN,8,37,0.686956522,-0.07705102369177474,1,False,EARLY_WEAR
TRAIN,8,38,0.67826087,-0.09113500079649628,1,False,EARLY_WEAR
TRAIN,8,39,0.669565217,-0.07702205078963609,1,False,EARLY_WEAR
TRAIN,8,40,0.660869565,-0.0897288770316283,1,False,EARLY_WEAR
TRAIN,8,41,0.652173913,-0.08910030806946057,1,False,EARLY_WEAR
TRAIN,8,42,0.643478261,-0.07725684595007382,1,False,EARLY_WEAR
TRAIN,8,43,0.634782609,-0.05230385693710976,1,False,EARLY_WEAR
TRAIN,8,44,0.626086957,-0.0954815768535967,1,False,EARLY_WEAR
TRAIN,8,45,0.617391304,-0.09782139981251031,1,False,EARLY_WEAR
TRAIN,8,46,0.608695652,-0.09626794015480611,1,False,EARLY_WEAR
TRAIN,8,47,0.6,-0.08494430360036048,1,False,EARLY_WEAR
TRAIN,8,48,0.591304348,-0.09195849063143835,1,False,EARLY_WEAR
TRAIN,8,49,0.582608696,-0.09238166294105399,1,False,EARLY_WEAR
TRAIN,8,50,0.573913043,-0.04814283252316115,1,False,EARLY_WEAR
TRAIN,8,51,0.565217391,-0.09597342714366502,1,False,EARLY_WEAR
TRAIN,8,52,0.556521739,-0.09463965308134181,1,False,EARLY_WEAR
TRAIN,8,53,0.547826087,-0.09509462890314369,1,False,EARLY_WEAR
TRAIN,8,54,0.539130435,-0.09779034418131238,1,False,EARLY_WEAR
TRAIN,8,55,0.530434783,-0.06937026096050147,1,False,EARLY_WEAR
TRAIN,8,56,0.52173913,-0.08426285461572547,1,False,EARLY_WEAR
TRAIN,8,57,0.513043478,-0.03185124350080826,1,False,EARLY_WEAR
TRAIN,8,58,0.504347826,-0.08818843296269091,1,False,EARLY_WEAR
TRAIN,8,59,0.495652174,-0.09143989819806098,1,False,DEGRADED
TRAIN,8,60,0.486956522,-0.08967015749686341,1,False,DEGRADED
TRAIN,8,61,0.47826087,-0.08218470097139585,1,False,DEGRADED
TRAIN,8,62,0.469565217,-0.09157286125868647,1,False,DEGRADED
TRAIN,8,63,0.460869565,-0.08473980935502162,1,False,DEGRADED
TRAIN,8,64,0.452173913,-0.06698312004652468,1,False,DEGRADED
TRAIN,8,65,0.443478261,-0.07713323001300226,1,False,DEGRADED
TRAIN,8,66,0.434782609,-0.10529919184925302,1,False,DEGRADED
TRAIN,8,67,0.426086957,-0.10137316951602221,1,False,DEGRADED
TRAIN,8,68,0.417391304,-0.07151655895772135,1,False,DEGRADED
TRAIN,8,69,0.408695652,-0.07842928297068186,1,False,DEGRADED
TRAIN,8,70,0.4,-0.07572520850343162,1,False,DEGRADED
TRAIN,8,71,0.391304348,-0.044038561699702106,1,False,DEGRADED
TRAIN,8,72,0.382608696,-0.09951454277535793,1,False,DEGRADED
TRAIN,8,73,0.373913043,-0.10214105865536854,1,False,DEGRADED
TRAIN,8,74,0.365217391,-0.10349511165846548,1,False,DEGRADED
TRAIN,8,75,0.356521739,-0.09905694482574867,1,False,DEGRADED
TRAIN,8,76,0.347826087,-0.09344910074991336,1,False,DEGRADED
TRAIN,8,77,0.339130435,-0.08624519301124434,1,False,DEGRADED
TRAIN,8,78,0.330434783,-0.06284000528964473,1,False,DEGRADED
TRAIN,8,79,0.32173913,-0.09514335147084002,1,False,DEGRADED
TRAIN,8,80,0.313043478,-0.10153873975531208,1,False,DEGRADED
TRAIN,8,81,0.304347826,-0.09576494424489296,1,False,DEGRADED
TRAIN,8,82,0.295652174,-0.09848319625541962,1,False,DEGRADED
TRAIN,8,83,0.286956522,-0.03953809815888215,1,False,DEGRADED
TRAIN,8,84,0.27826087,-0.054933019068806765,1,False,DEGRADED
TRAIN,8,85,0.269565217,-0.058305756736434344,1,False,DEGRADED
TRAIN,8,86,0.260869565,-0.0817397585997292,1,False,DEGRADED
TRAIN,8,87,0.252173913,-0.08724782005528892,1,False,DEGRADED
TRAIN,8,88,0.243478261,-0.08265839289637111,1,False,CRITICAL
TRAIN,8,89,0.234782609,-0.09678577533971755,1,False,CRITICAL
TRAIN,8,90,0.226086957,-0.09397983287715339,1,False,CRITICAL
TRAIN,8,91,0.217391304,-0.08416861365419631,1,False,CRITICAL
TRAIN,8,92,0.208695652,-0.047003151062873116,1,False,CRITICAL
TRAIN,8,93,0.2,-0.07831867871651221,1,False,CRITICAL
TRAIN,8,94,0.191304348,-0.06908597097798491,1,False,CRITICAL
TRAIN,8,95,0.182608696,-0.08144290325308462,1,False,CRITICAL
TRAIN,8,96,0.173913043,-0.09139268080755586,1,False,CRITICAL
TRAIN,8,97,0.165217391,-0.09328044299042765,1,False,CRITICAL
TRAIN,8,98,0.156521739,-0.0866291724499656,1,False,CRITICAL
TRAIN,8,99,0.147826087,-0.04196458608632564,1,False,CRITICAL
TRAIN,8,100,0.139130435,-0.0745305535997739,1,False,CRITICAL
TRAIN,8,101,0.130434783,-0.015739574989459604,1,False,CRITICAL
TRAIN,8,102,0.12173913,-0.08584383704744197,1,False,CRITICAL
TRAIN,8,103,0.113043478,-0.09067161254424122,1,False,CRITICAL
TRAIN,8,104,0.104347826,-0.08897300756502968,1,False,CRITICAL
TRAIN,8,105,0.095652174,-0.0892056173561871,1,False,CRITICAL
TRAIN,8,106,0.086956522,-0.032680319101193234,1,False,CRITICAL
TRAIN,8,107,0.07826087,-0.0733182125796023,1,False,CRITICAL
TRAIN,8,108,0.069565217,-0.08342613287137901,1,False,CRITICAL
TRAIN,8,109,0.060869565,-0.09023917681416804,1,False,CRITICAL
TRAIN,8,110,0.052173913,-0.09294363527461275,1,False,CRITICAL
TRAIN,8,111,0.043478261,-0.08992086451983633,1,False,CRITICAL
TRAIN,8,112,0.034782609,-0.08191365862049521,1,False,CRITICAL
TRAIN,8,113,0.026086957,-0.03734723981448462,1,False,CRITICAL
TRAIN,8,114,0.017391304,-0.06307505171857475,1,False,CRITICAL
TRAIN,8,115,0.008695652,-0.08472477763788305,1,False,CRITICAL
TRAIN,8,116,0.0,-0.07159118366613171,1,False,CRITICAL
TRAIN,9,1,1.0,-0.03229860662245848,1,False,HEALTHY
TRAIN,9,2,0.993288591,-0.05038281288140062,1,False,HEALTHY
TRAIN,9,3,0.986577181,-0.0681952452645368,1,False,HEALTHY
TRAIN,9,4,0.979865772,-0.02718216470631002,1,False,HEALTHY
TRAIN,9,5,0.973154362,-0.055519972162244136,1,False,HEALTHY
TRAIN,9,6,0.966442953,-0.03562247599057422,1,False,HEALTHY
TRAIN,9,7,0.959731544,-0.029793251912827168,1,False,HEALTHY
TRAIN,9,8,0.953020134,-0.048441124865144125,1,False,HEALTHY
TRAIN,9,9,0.946308725,-0.08524350579984646,1,False,HEALTHY
TRAIN,9,10,0.939597315,-0.05335267976270369,1,False,HEALTHY
TRAIN,9,11,0.932885906,-0.06497965715741616,1,False,HEALTHY
TRAIN,9,12,0.926174497,-0.046931141264758114,1,False,HEALTHY
TRAIN,9,13,0.919463087,-0.07449361092220297,1,False,HEALTHY
TRAIN,9,14,0.912751678,-0.0502094802653581,1,False,HEALTHY
TRAIN,9,15,0.906040268,-0.06606117249148896,1,False,HEALTHY
TRAIN,9,16,0.899328859,-0.09396422805417759,1,False,HEALTHY
TRAIN,9,17,0.89261745,-0.05853374515270254,1,False,HEALTHY
TRAIN,9,18,0.88590604,-0.08958870230467858,1,False,HEALTHY
TRAIN,9,19,0.879194631,-0.08748694068009627,1,False,HEALTHY
TRAIN,9,20,0.872483221,-0.07595980904155741,1,False,HEALTHY
TRAIN,9,21,0.865771812,-0.052706996842950715,1,False,HEALTHY
TRAIN,9,22,0.859060403,-0.05230313620328075,1,False,HEALTHY
TRAIN,9,23,0.852348993,-0.08918532599540074,1,False,HEALTHY
TRAIN,9,24,0.845637584,-0.09372594958984581,1,False,HEALTHY
TRAIN,9,25,0.838926174,-0.08919927995675098,1,False,HEALTHY
TRAIN,9,26,0.832214765,-0.08426212611633294,1,False,HEALTHY
TRAIN,9,27,0.825503356,-0.07156582604797279,1,False,HEALTHY
TRAIN,9,28,0.818791946,-0.0635251137311178,1,False,HEALTHY
TRAIN,9,29,0.812080537,-0.05740237848447366,1,False,HEALTHY
TRAIN,9,30,0.805369128,-0.07201435893281455,1,False,HEALTHY
TRAIN,9,31,0.798657718,-0.07988391950093143,1,False,HEALTHY
TRAIN,9,32,0.791946309,-0.08675435007548488,1,False,HEALTHY
TRAIN,9,33,0.785234899,-0.0825312800019683,1,False,HEALTHY
TRAIN,9,34,0.77852349,-0.07870149299082535,1,False,HEALTHY
TRAIN,9,35,0.771812081,-0.06260804856568958,1,False,HEALTHY
TRAIN,9,36,0.765100671,-0.058879274373808854,1,False,HEALTHY
TRAIN,9,37,0.758389262,-0.07223210963257959,1,False,HEALTHY
TRAIN,9,38,0.751677852,-0.0789134860301689,1,False,HEALTHY
TRAIN,9,39,0.744966443,-0.08317083669791975,1,False,EARLY_WEAR
TRAIN,9,40,0.738255034,-0.08382370284010865,1,False,EARLY_WEAR
TRAIN,9,41,0.731543624,-0.07815676723862186,1,False,EARLY_WEAR
TRAIN,9,42,0.724832215,-0.06005583525894648,1,False,EARLY_WEAR
TRAIN,9,43,0.718120805,-0.0677276550353002,1,False,EARLY_WEAR
TRAIN,9,44,0.711409396,-0.05620783082933428,1,False,EARLY_WEAR
TRAIN,9,45,0.704697987,-0.06169575663102278,1,False,EARLY_WEAR
TRAIN,9,46,0.697986577,-0.07510244722344056,1,False,EARLY_WEAR
TRAIN,9,47,0.691275168,-0.07300716453927647,1,False,EARLY_WEAR
TRAIN,9,48,0.684563758,-0.0662803778335827,1,False,EARLY_WEAR
TRAIN,9,49,0.677852349,-0.0420970567965141,1,False,EARLY_WEAR
TRAIN,9,50,0.67114094,-0.0628564203511755,1,False,EARLY_WEAR
TRAIN,9,51,0.66442953,-0.05392493483584421,1,False,EARLY_WEAR
TRAIN,9,52,0.657718121,-0.05796607057382136,1,False,EARLY_WEAR
TRAIN,9,53,0.651006711,-0.06171420618326029,1,False,EARLY_WEAR
TRAIN,9,54,0.644295302,-0.06760182954523553,1,False,EARLY_WEAR
TRAIN,9,55,0.637583893,-0.0707253921138416,1,False,EARLY_WEAR
TRAIN,9,56,0.630872483,-0.04919186670686382,1,False,EARLY_WEAR
TRAIN,9,57,0.624161074,-0.06351038014154164,1,False,EARLY_WEAR
TRAIN,9,58,0.617449664,-0.040538332156307755,1,False,EARLY_WEAR
TRAIN,9,59,0.610738255,-0.05432356877381128,1,False,EARLY_WEAR
TRAIN,9,60,0.604026846,-0.06857955188082904,1,False,EARLY_WEAR
TRAIN,9,61,0.597315436,-0.06658493706238616,1,False,EARLY_WEAR
TRAIN,9,62,0.590604027,-0.07708638876132279,1,False,EARLY_WEAR
TRAIN,9,63,0.583892617,-0.051662200541785996,1,False,EARLY_WEAR
TRAIN,9,64,0.577181208,-0.058201076677380614,1,False,EARLY_WEAR
TRAIN,9,65,0.570469799,-0.02151904334117577,1,False,EARLY_WEAR
TRAIN,9,66,0.563758389,0.019015188421924734,-1,True,EARLY_WEAR
TRAIN,9,67,0.55704698,-0.054987004911445536,1,False,EARLY_WEAR
TRAIN,9,68,0.55033557,-0.06250502088313803,1,False,EARLY_WEAR
TRAIN,9,69,0.543624161,-0.06549692222376441,1,False,EARLY_WEAR
TRAIN,9,70,0.536912752,-0.048155146039614904,1,False,EARLY_WEAR
TRAIN,9,71,0.530201342,-0.04727060419564627,1,False,EARLY_WEAR
TRAIN,9,72,0.523489933,-0.025759548608416116,1,False,EARLY_WEAR
TRAIN,9,73,0.516778523,-0.03833159725345081,1,False,EARLY_WEAR
TRAIN,9,74,0.510067114,-0.04686925988722018,1,False,EARLY_WEAR
TRAIN,9,75,0.503355705,-0.054417391693108996,1,False,EARLY_WEAR
TRAIN,9,76,0.496644295,-0.06316831148619756,1,False,DEGRADED
TRAIN,9,77,0.489932886,-0.04786961067137052,1,False,DEGRADED
TRAIN,9,78,0.483221477,-0.05590005276852872,1,False,DEGRADED
TRAIN,9,79,0.476510067,-0.06249363064133878,1,False,DEGRADED
TRAIN,9,80,0.469798658,-0.022132618570050555,1,False,DEGRADED
TRAIN,9,81,0.463087248,-0.03803835283630669,1,False,DEGRADED
TRAIN,9,82,0.456375839,-0.04330334342861192,1,False,DEGRADED
TRAIN,9,83,0.44966443,-0.0498524142510115,1,False,DEGRADED
TRAIN,9,84,0.44295302,-0.03453266842777841,1,False,DEGRADED
TRAIN,9,85,0.436241611,-0.037008311845077746,1,False,DEGRADED
TRAIN,9,86,0.429530201,0.0195493348573913,-1,True,DEGRADED
TRAIN,9,87,0.422818792,0.01815513502438515,-1,True,DEGRADED
TRAIN,9,88,0.416107383,0.0014093498954309558,-1,True,DEGRADED
TRAIN,9,89,0.409395973,-0.004829095070837841,1,False,DEGRADED
TRAIN,9,90,0.402684564,-0.020439499149850382,1,False,DEGRADED
TRAIN,9,91,0.395973154,-0.02628963331623968,1,False,DEGRADED
TRAIN,9,92,0.389261745,-0.03650295055373487,1,False,DEGRADED
TRAIN,9,93,0.382550336,0.008131549534881266,-1,True,DEGRADED
TRAIN,9,94,0.375838926,0.010036627400312692,-1,True,DEGRADED
TRAIN,9,95,0.369127517,-0.007443934197858826,1,False,DEGRADED
TRAIN,9,96,0.362416107,-0.01691593074443265,1,False,DEGRADED
TRAIN,9,97,0.355704698,-0.04125583554533563,1,False,DEGRADED
TRAIN,9,98,0.348993289,-0.026432280770966876,1,False,DEGRADED
TRAIN,9,99,0.342281879,-0.03378349598526598,1,False,DEGRADED
TRAIN,9,100,0.33557047,0.01675161984401108,-1,True,DEGRADED
TRAIN,9,101,0.32885906,0.00688265899039725,-1,True,DEGRADED
TRAIN,9,102,0.322147651,-0.0031026376131329525,1,False,DEGRADED
TRAIN,9,103,0.315436242,-0.022501875683297645,1,False,DEGRADED
TRAIN,9,104,0.308724832,-0.02947707059322252,1,False,DEGRADED
TRAIN,9,105,0.302013423,-0.03966617928867039,1,False,DEGRADED
TRAIN,9,106,0.295302013,-0.030647718773617882,1,False,DEGRADED
TRAIN,9,107,0.288590604,0.04436047211735572,-1,True,DEGRADED
TRAIN,9,108,0.281879195,0.010755986954329888,-1,True,DEGRADED
TRAIN,9,109,0.275167785,0.00794300092214656,-1,True,DEGRADED
TRAIN,9,110,0.268456376,-0.0001436878086312765,1,False,DEGRADED
TRAIN,9,111,0.261744966,-0.015356536264486964,1,False,DEGRADED
TRAIN,9,112,0.255033557,-0.020675879017958365,1,False,DEGRADED
TRAIN,9,113,0.248322148,-0.023498643327206303,1,False,CRITICAL
TRAIN,9,114,0.241610738,0.03591058006117154,-1,True,CRITICAL
TRAIN,9,115,0.234899329,0.026275796644858462,-1,True,CRITICAL
TRAIN,9,116,0.228187919,0.01847342607723723,-1,True,CRITICAL
TRAIN,9,117,0.22147651,0.036357044341351896,-1,True,CRITICAL
TRAIN,9,118,0.214765101,0.0009727485491761723,-1,True,CRITICAL
TRAIN,9,119,0.208053691,-0.003245993894453625,1,False,CRITICAL
TRAIN,9,120,0.201342282,0.0055649195432524445,-1,True,CRITICAL
TRAIN,9,121,0.194630872,0.058165116263538486,-1,True,CRITICAL
TRAIN,9,122,0.187919463,0.047083427695870705,-1,True,CRITICAL
TRAIN,9,123,0.181208054,0.0401712206141458,-1,True,CRITICAL
TRAIN,9,124,0.174496644,0.029282051901134087,-1,True,CRITICAL
TRAIN,9,125,0.167785235,0.0036638669598577644,-1,True,CRITICAL
TRAIN,9,126,0.161073826,-0.008687564886234955,1,False,CRITICAL
TRAIN,9,127,0.154362416,0.027263311906822074,-1,True,CRITICAL
TRAIN,9,128,0.147651007,0.08344191655287347,-1,True,CRITICAL
TRAIN,9,129,0.140939597,0.07462318755603581,-1,True,CRITICAL
TRAIN,9,130,0.134228188,0.07820502249819405,-1,True,CRITICAL
TRAIN,9,131,0.127516779,0.04561272488601009,-1,True,CRITICAL
TRAIN,9,132,0.120805369,0.026788828739194304,-1,True,CRITICAL
TRAIN,9,133,0.11409396,0.00505765209345288,-1,True,CRITICAL
TRAIN,9,134,0.10738255,0.0498771588992617,-1,True,CRITICAL
TRAIN,9,135,0.100671141,0.09021767175098683,-1,True,CRITICAL
TRAIN,9,136,0.093959732,0.07685295922231261,-1,True,CRITICAL
TRAIN,9,137,0.087248322,0.07290445860782857,-1,True,CRITICAL
TRAIN,9,138,0.080536913,0.05548807231330677,-1,True,CRITICAL
TRAIN,9,139,0.073825503,0.026235956327954613,-1,True,CRITICAL
TRAIN,9,140,0.067114094,0.01169259814861745,-1,True,CRITICAL
TRAIN,9,141,0.060402685,0.04934360680983241,-1,True,CRITICAL
TRAIN,9,142,0.053691275,0.1194488948296667,-1,True,CRITICAL
TRAIN,9,143,0.046979866,0.08147394334315727,-1,True,CRITICAL
TRAIN,9,144,0.040268456,0.07659316504202707,-1,True,CRITICAL
TRAIN,9,145,0.033557047,0.029846228089621785,-1,True,CRITICAL
TRAIN,9,146,0.026845638,0.012461144887043973,-1,True,CRITICAL
TRAIN,9,148,0.013422819,0.04967160416932903,-1,True,CRITICAL
TRAIN,9,149,0.006711409,0.09405458639242659,-1,True,CRITICAL
TRAIN,9,150,0.0,0.12073485090525815,-1,True,CRITICAL
TRAIN,10,1,1.0,-0.06250576803836938,1,False,HEALTHY
TRAIN,10,2,0.928571429,-0.027858838867105717,1,False,HEALTHY
TRAIN,10,3,0.857142857,0.06278145860829809,-1,True,HEALTHY
TRAIN,10,4,0.785714286,0.08438259968820283,-1,True,HEALTHY
TRAIN,10,5,0.714285714,0.06894536271121743,-1,True,EARLY_WEAR
TRAIN,10,6,0.642857143,0.06162036275209937,-1,True,EARLY_WEAR
TRAIN,10,7,0.571428571,0.052529901526471634,-1,True,EARLY_WEAR
TRAIN,10,8,0.5,0.005963067687350054,-1,True,EARLY_WEAR
TRAIN,10,9,0.428571429,0.1417232829229167,-1,True,DEGRADED
TRAIN,10,10,0.357142857,0.13298929953450844,-1,True,DEGRADED
TRAIN,10,11,0.285714286,0.10732849543841416,-1,True,DEGRADED
TRAIN,10,12,0.214285714,0.09818287644695667,-1,True,CRITICAL
TRAIN,10,13,0.142857143,0.10461531912305488,-1,True,CRITICAL
TRAIN,10,14,0.071428571,0.11570084098782663,-1,True,CRITICAL
TRAIN,10,15,0.0,0.05111676267976528,-1,True,CRITICAL
TRAIN,101,1,1.0,0.08719555159117132,-1,True,HEALTHY
TRAIN,101,2,0.987951807,-0.03481451105859429,1,False,HEALTHY
TRAIN,101,3,0.975903614,-0.05804284168097701,1,False,HEALTHY
TRAIN,101,4,0.963855422,0.1139695523177765,-1,True,HEALTHY
TRAIN,101,5,0.951807229,-0.03090079269049051,1,False,HEALTHY
TRAIN,101,6,0.939759036,-0.055112203550794936,1,False,HEALTHY
TRAIN,101,7,0.927710843,-0.06149278508986178,1,False,HEALTHY
TRAIN,101,8,0.915662651,-0.03954866427704129,1,False,HEALTHY
TRAIN,101,9,0.903614458,-0.02206974187381422,1,False,HEALTHY
TRAIN,101,10,0.891566265,-0.03119307517568437,1,False,HEALTHY
TRAIN,101,11,0.879518072,-0.05822201476231953,1,False,HEALTHY
TRAIN,101,12,0.86746988,-0.0468877310302695,1,False,HEALTHY
TRAIN,101,13,0.855421687,0.0065099089636457275,-1,True,HEALTHY
TRAIN,101,14,0.843373494,-0.06409107222166532,1,False,HEALTHY
TRAIN,101,15,0.831325301,0.02120906962047653,-1,True,HEALTHY
TRAIN,101,16,0.819277108,-0.052639892362920104,1,False,HEALTHY
TRAIN,101,17,0.807228916,-0.05550669447355594,1,False,HEALTHY
TRAIN,101,18,0.795180723,-0.05868022900396924,1,False,HEALTHY
TRAIN,101,19,0.78313253,-0.044655390284646934,1,False,HEALTHY
TRAIN,101,20,0.771084337,0.10682376387939341,-1,True,HEALTHY
TRAIN,101,21,0.759036145,-0.06435946125101316,1,False,HEALTHY
TRAIN,101,22,0.746987952,-0.03727189101226808,1,False,EARLY_WEAR
TRAIN,101,23,0.734939759,-0.03377345667013287,1,False,EARLY_WEAR
TRAIN,101,24,0.722891566,-0.01740117139822228,1,False,EARLY_WEAR
TRAIN,101,25,0.710843373,-0.05448398430085133,1,False,EARLY_WEAR
TRAIN,101,26,0.698795181,-0.047307339498488976,1,False,EARLY_WEAR
TRAIN,101,27,0.686746988,0.03298067997366749,-1,True,EARLY_WEAR
TRAIN,101,28,0.674698795,-0.07213415181750871,1,False,EARLY_WEAR
TRAIN,101,29,0.662650602,0.003224394446433576,-1,True,EARLY_WEAR
TRAIN,101,30,0.65060241,-0.026507127955678778,1,False,EARLY_WEAR
TRAIN,101,31,0.638554217,-0.028717757515752396,1,False,EARLY_WEAR
TRAIN,101,32,0.626506024,0.00910157426246666,-1,True,EARLY_WEAR
TRAIN,101,33,0.614457831,-0.05222299318014739,1,False,EARLY_WEAR
TRAIN,101,34,0.602409639,-0.004959114251750829,1,False,EARLY_WEAR
TRAIN,101,35,0.590361446,-0.06727312308684519,1,False,EARLY_WEAR
TRAIN,101,36,0.578313253,0.02546938796216902,-1,True,EARLY_WEAR
TRAIN,101,37,0.56626506,0.003604807706777957,-1,True,EARLY_WEAR
TRAIN,101,38,0.554216867,-0.011324936611773084,1,False,EARLY_WEAR
TRAIN,101,39,0.542168675,-0.0371391611687199,1,False,EARLY_WEAR
TRAIN,101,40,0.530120482,-0.053222182148712605,1,False,EARLY_WEAR
TRAIN,101,41,0.518072289,-0.022310151651918075,1,False,EARLY_WEAR
TRAIN,101,42,0.506024096,-0.0128401177699769,1,False,EARLY_WEAR
TRAIN,101,43,0.493975904,0.027526452806265755,-1,True,DEGRADED
TRAIN,101,44,0.481927711,0.02215580004598816,-1,True,DEGRADED
TRAIN,101,45,0.469879518,0.007043987867379087,-1,True,DEGRADED
TRAIN,101,46,0.457831325,-0.00989889379351594,1,False,DEGRADED
TRAIN,101,47,0.445783133,0.018554923814348534,-1,True,DEGRADED
TRAIN,101,48,0.43373494,0.013131717446946634,-1,True,DEGRADED
TRAIN,101,49,0.421686747,-0.00033032812874217443,1,False,DEGRADED
TRAIN,101,50,0.409638554,0.038035496407699876,-1,True,DEGRADED
TRAIN,101,51,0.397590361,0.014671284228059744,-1,True,DEGRADED
TRAIN,101,52,0.385542169,0.023915035146597097,-1,True,DEGRADED
TRAIN,101,53,0.373493976,-0.0359989603476335,1,False,DEGRADED
TRAIN,101,54,0.361445783,-0.029901586323574314,1,False,DEGRADED
TRAIN,101,55,0.34939759,0.038397252424425155,-1,True,DEGRADED
TRAIN,101,56,0.337349398,-0.04493792118001305,1,False,DEGRADED
TRAIN,101,57,0.325301205,0.044406113744323794,-1,True,DEGRADED
TRAIN,101,58,0.313253012,0.021906056570213828,-1,True,DEGRADED
TRAIN,101,59,0.301204819,0.01513616163087328,-1,True,DEGRADED
TRAIN,101,60,0.289156627,-0.017611387320720706,1,False,DEGRADED
TRAIN,101,61,0.277108434,-0.030390708384703424,1,False,DEGRADED
TRAIN,101,62,0.265060241,-0.034429548260734466,1,False,DEGRADED
TRAIN,101,63,0.253012048,-0.04206988620305813,1,False,DEGRADED
TRAIN,101,64,0.240963855,0.036788898623540955,-1,True,CRITICAL
TRAIN,101,65,0.228915663,0.02950180991432183,-1,True,CRITICAL
TRAIN,101,66,0.21686747,0.040137423216329515,-1,True,CRITICAL
TRAIN,101,67,0.204819277,-0.01110798806040586,1,False,CRITICAL
TRAIN,101,68,0.192771084,-0.01386844254444608,1,False,CRITICAL
TRAIN,101,69,0.180722892,0.004768045540381849,-1,True,CRITICAL
TRAIN,101,70,0.168674699,-0.028704895127703578,1,False,CRITICAL
TRAIN,101,71,0.156626506,0.06665488131215236,-1,True,CRITICAL
TRAIN,101,72,0.144578313,0.05664838048930576,-1,True,CRITICAL
TRAIN,101,73,0.13253012,0.036742242766717115,-1,True,CRITICAL
TRAIN,101,74,0.120481928,0.024980951855108957,-1,True,CRITICAL
TRAIN,101,75,0.108433735,0.011563201639058662,-1,True,CRITICAL
TRAIN,101,76,0.096385542,0.016660139915198657,-1,True,CRITICAL
TRAIN,101,77,0.084337349,-0.02331650972437399,1,False,CRITICAL
TRAIN,101,78,0.072289157,0.0899165965374753,-1,True,CRITICAL
TRAIN,101,79,0.060240964,0.0905615357774433,-1,True,CRITICAL
TRAIN,101,80,0.048192771,0.09484884261459847,-1,True,CRITICAL
TRAIN,101,81,0.036144578,0.07335635814491148,-1,True,CRITICAL
TRAIN,101,82,0.024096386,0.02987572530164051,-1,True,CRITICAL
TRAIN,101,83,0.012048193,0.05764506734823083,-1,True,CRITICAL
TRAIN,101,84,0.0,0.0834769683934744,-1,True,CRITICAL
TRAIN,103,1,1.0,0.0019504360608245674,-1,True,HEALTHY
TRAIN,103,2,0.983050847,-0.026093874981053367,1,False,HEALTHY
TRAIN,103,3,0.966101695,-0.05678349116274378,1,False,HEALTHY
TRAIN,103,4,0.949152542,-0.05967469511156792,1,False,HEALTHY
TRAIN,103,5,0.93220339,-0.05879696817795227,1,False,HEALTHY
TRAIN,103,6,0.915254237,-0.018431545722045473,1,False,HEALTHY
TRAIN,103,7,0.898305085,-0.07533194719727421,1,False,HEALTHY
TRAIN,103,8,0.881355932,0.05884186128787117,-1,True,HEALTHY
TRAIN,103,9,0.86440678,-0.009109796550091698,1,False,HEALTHY
TRAIN,103,10,0.847457627,-0.05003234284172242,1,False,HEALTHY
TRAIN,103,11,0.830508475,-0.06499490543496067,1,False,HEALTHY
TRAIN,103,12,0.813559322,-0.05787716067793652,1,False,HEALTHY
TRAIN,103,13,0.796610169,-0.028587066788588522,1,False,HEALTHY
TRAIN,103,14,0.779661017,-0.06439888804792576,1,False,HEALTHY
TRAIN,103,15,0.762711864,-0.01064586704159215,1,False,HEALTHY
TRAIN,103,16,0.745762712,-0.02566915179214413,1,False,EARLY_WEAR
TRAIN,103,17,0.728813559,-0.033182891877740595,1,False,EARLY_WEAR
TRAIN,103,18,0.711864407,-0.03661440607946548,1,False,EARLY_WEAR
TRAIN,103,19,0.694915254,-0.05415676242469847,1,False,EARLY_WEAR
TRAIN,103,20,0.677966102,0.004023977030201964,-1,True,EARLY_WEAR
TRAIN,103,21,0.661016949,-0.0636578055856391,1,False,EARLY_WEAR
TRAIN,103,22,0.644067797,0.017599021373931323,-1,True,EARLY_WEAR
TRAIN,103,23,0.627118644,-0.008428684395622776,1,False,EARLY_WEAR
TRAIN,103,24,0.610169492,-0.012628897449996623,1,False,EARLY_WEAR
TRAIN,103,25,0.593220339,-0.006667010049930033,1,False,EARLY_WEAR
TRAIN,103,26,0.576271186,-0.031852391747164865,1,False,EARLY_WEAR
TRAIN,103,27,0.559322034,-0.031572030720400435,1,False,EARLY_WEAR
TRAIN,103,28,0.542372881,-0.015842371834872082,1,False,EARLY_WEAR
TRAIN,103,29,0.525423729,0.024266474897947754,-1,True,EARLY_WEAR
TRAIN,103,30,0.508474576,0.056391803393879725,-1,True,EARLY_WEAR
TRAIN,103,31,0.491525424,0.00839230096224114,-1,True,DEGRADED
TRAIN,103,32,0.474576271,-0.020627362880479228,1,False,DEGRADED
TRAIN,103,33,0.457627119,-0.029043785256958388,1,False,DEGRADED
TRAIN,103,34,0.440677966,0.0029408726506838234,-1,True,DEGRADED
TRAIN,103,35,0.423728814,0.049368700058423975,-1,True,DEGRADED
TRAIN,103,36,0.406779661,0.06928456180991349,-1,True,DEGRADED
TRAIN,103,37,0.389830508,0.0673707603325917,-1,True,DEGRADED
TRAIN,103,38,0.372881356,0.05532182766937521,-1,True,DEGRADED
TRAIN,103,39,0.355932203,0.04367204573629313,-1,True,DEGRADED
TRAIN,103,40,0.338983051,-0.005456515649778448,1,False,DEGRADED
TRAIN,103,41,0.322033898,0.11380301071502708,-1,True,DEGRADED
TRAIN,103,42,0.305084746,0.056618578611829506,-1,True,DEGRADED
TRAIN,103,43,0.288135593,0.1670848120311329,-1,True,DEGRADED
TRAIN,103,44,0.271186441,0.13296555819569367,-1,True,DEGRADED
TRAIN,103,45,0.254237288,0.11273454928055593,-1,True,DEGRADED
TRAIN,103,46,0.237288136,0.09911441436678092,-1,True,CRITICAL
TRAIN,103,47,0.220338983,0.0729974987284907,-1,True,CRITICAL
TRAIN,103,48,0.203389831,0.034626413781407295,-1,True,CRITICAL
TRAIN,103,49,0.186440678,0.041753115043576594,-1,True,CRITICAL
TRAIN,103,50,0.169491525,0.14208599850626247,-1,True,CRITICAL
TRAIN,103,51,0.152542373,0.1279864364561043,-1,True,CRITICAL
TRAIN,103,52,0.13559322,0.0874615616946034,-1,True,CRITICAL
TRAIN,103,53,0.118644068,0.08492099262719166,-1,True,CRITICAL
TRAIN,103,54,0.101694915,0.08197232358142392,-1,True,CRITICAL
TRAIN,103,55,0.084745763,0.03652906162367775,-1,True,CRITICAL
TRAIN,103,56,0.06779661,0.0905208095669322,-1,True,CRITICAL
TRAIN,103,57,0.050847458,0.14732968540810265,-1,True,CRITICAL
TRAIN,103,58,0.033898305,0.14791163549011566,-1,True,CRITICAL
TRAIN,103,59,0.016949153,0.13183318349443862,-1,True,CRITICAL
TRAIN,103,60,0.0,0.14062421526433833,-1,True,CRITICAL
TRAIN,105,1,1.0,-0.07647785745986552,1,False,HEALTHY
TRAIN,105,2,0.991935484,-0.06749848171689649,1,False,HEALTHY
TRAIN,105,3,0.983870968,-0.038997739891305894,1,False,HEALTHY
TRAIN,105,4,0.975806452,-0.042654360188988605,1,False,HEALTHY
TRAIN,105,5,0.967741935,-0.026403651039316023,1,False,HEALTHY
TRAIN,105,6,0.959677419,0.1095823945577784,-1,True,HEALTHY
TRAIN,105,7,0.951612903,-0.060265039676137666,1,False,HEALTHY
TRAIN,105,8,0.943548387,-0.057476854968221414,1,False,HEALTHY
TRAIN,105,9,0.935483871,-0.0767828678091863,1,False,HEALTHY
TRAIN,105,10,0.927419355,-0.05849329433924927,1,False,HEALTHY
TRAIN,105,11,0.919354839,-0.05445239189707207,1,False,HEALTHY
TRAIN,105,12,0.911290323,-0.033414307260149045,1,False,HEALTHY
TRAIN,105,13,0.903225806,-0.018436130100030146,1,False,HEALTHY
TRAIN,105,14,0.89516129,-0.03938452123165914,1,False,HEALTHY
TRAIN,105,15,0.887096774,-0.06243680867524115,1,False,HEALTHY
TRAIN,105,16,0.879032258,-0.06871312018177356,1,False,HEALTHY
TRAIN,105,17,0.870967742,-0.055281360200191754,1,False,HEALTHY
TRAIN,105,18,0.862903226,-0.049744025100720346,1,False,HEALTHY
TRAIN,105,19,0.85483871,-0.00905070958048787,1,False,HEALTHY
TRAIN,105,20,0.846774194,0.044109366064839506,-1,True,HEALTHY
TRAIN,105,21,0.838709677,-0.05713681787092484,1,False,HEALTHY
TRAIN,105,22,0.830645161,0.056674965310775316,-1,True,HEALTHY
TRAIN,105,23,0.822580645,-0.020136408835686348,1,False,HEALTHY
TRAIN,105,24,0.814516129,-0.0621425439930276,1,False,HEALTHY
TRAIN,105,25,0.806451613,-0.049241012808864115,1,False,HEALTHY
TRAIN,105,26,0.798387097,-0.034776245535217465,1,False,HEALTHY
TRAIN,105,27,0.790322581,-0.022508610059013057,1,False,HEALTHY
TRAIN,105,28,0.782258065,-0.056127052230934116,1,False,HEALTHY
TRAIN,105,29,0.774193548,-0.06761710986206648,1,False,HEALTHY
TRAIN,105,30,0.766129032,-0.0308257783131356,1,False,HEALTHY
TRAIN,105,31,0.758064516,-0.06451448930242726,1,False,HEALTHY
TRAIN,105,32,0.75,-0.048026925238441875,1,False,HEALTHY
TRAIN,105,33,0.741935484,-0.028686426383249863,1,False,EARLY_WEAR
TRAIN,105,34,0.733870968,-0.06312914093617705,1,False,EARLY_WEAR
TRAIN,105,35,0.725806452,-0.06451005792823483,1,False,EARLY_WEAR
TRAIN,105,36,0.717741935,-0.06424346911268447,1,False,EARLY_WEAR
TRAIN,105,37,0.709677419,-0.06462518204153767,1,False,EARLY_WEAR
TRAIN,105,38,0.701612903,-0.008259507100598196,1,False,EARLY_WEAR
TRAIN,105,39,0.693548387,0.0059003718093635915,-1,True,EARLY_WEAR
TRAIN,105,40,0.685483871,-0.04445744557933956,1,False,EARLY_WEAR
TRAIN,105,41,0.677419355,-0.039650624749031305,1,False,EARLY_WEAR
TRAIN,105,42,0.669354839,-0.04804099663741068,1,False,EARLY_WEAR
TRAIN,105,43,0.661290323,-0.04670889363848313,1,False,EARLY_WEAR
TRAIN,105,44,0.653225806,-0.0617654285604024,1,False,EARLY_WEAR
TRAIN,105,45,0.64516129,-0.05008249333805387,1,False,EARLY_WEAR
TRAIN,105,46,0.637096774,-0.046242450159528714,1,False,EARLY_WEAR
TRAIN,105,47,0.629032258,0.059724375194109114,-1,True,EARLY_WEAR
TRAIN,105,48,0.620967742,-0.03945831369682373,1,False,EARLY_WEAR
TRAIN,105,49,0.612903226,-0.02944743045877518,1,False,EARLY_WEAR
TRAIN,105,50,0.60483871,-0.05619319054967148,1,False,EARLY_WEAR
TRAIN,105,51,0.596774194,-0.03949826607440288,1,False,EARLY_WEAR
TRAIN,105,52,0.588709677,-0.0661085105222502,1,False,EARLY_WEAR
TRAIN,105,53,0.580645161,-0.04064207906356132,1,False,EARLY_WEAR
TRAIN,105,54,0.572580645,0.07229976344460498,-1,True,EARLY_WEAR
TRAIN,105,55,0.564516129,-0.0695081782441147,1,False,EARLY_WEAR
TRAIN,105,56,0.556451613,-0.021399914342435267,1,False,EARLY_WEAR
TRAIN,105,57,0.548387097,-0.05625660069442118,1,False,EARLY_WEAR
TRAIN,105,58,0.540322581,-0.035082007671861704,1,False,EARLY_WEAR
TRAIN,105,59,0.532258065,-0.04502309266800725,1,False,EARLY_WEAR
TRAIN,105,60,0.524193548,-0.03961915899180368,1,False,EARLY_WEAR
TRAIN,105,61,0.516129032,0.06366361009734611,-1,True,EARLY_WEAR
TRAIN,105,62,0.508064516,-0.06197389091867439,1,False,EARLY_WEAR
TRAIN,105,63,0.5,-0.048454757734960496,1,False,EARLY_WEAR
TRAIN,105,64,0.491935484,-0.06390378343989639,1,False,DEGRADED
TRAIN,105,65,0.483870968,-0.05490947390614376,1,False,DEGRADED
TRAIN,105,66,0.475806452,-0.061260637158046305,1,False,DEGRADED
TRAIN,105,67,0.467741935,0.006997174399706152,-1,True,DEGRADED
TRAIN,105,68,0.459677419,0.07023294825614623,-1,True,DEGRADED
TRAIN,105,69,0.451612903,-0.06504640686312119,1,False,DEGRADED
TRAIN,105,70,0.443548387,0.049302368747124126,-1,True,DEGRADED
TRAIN,105,71,0.435483871,-0.05099420794545467,1,False,DEGRADED
TRAIN,105,72,0.427419355,-0.05995510648908059,1,False,DEGRADED
TRAIN,105,73,0.419354839,-0.017252345765685295,1,False,DEGRADED
TRAIN,105,74,0.411290323,-0.04199474579378032,1,False,DEGRADED
TRAIN,105,75,0.403225806,0.04868116003540768,-1,True,DEGRADED
TRAIN,105,76,0.39516129,-0.06708867721186906,1,False,DEGRADED
TRAIN,105,77,0.387096774,-0.0119035603559966,1,False,DEGRADED
TRAIN,105,78,0.379032258,-0.04862578392633171,1,False,DEGRADED
TRAIN,105,79,0.370967742,-0.03253818830418953,1,False,DEGRADED
TRAIN,105,80,0.362903226,-0.0010897490143513267,1,False,DEGRADED
TRAIN,105,81,0.35483871,-0.01948566339724006,1,False,DEGRADED
TRAIN,105,82,0.346774194,0.041174932034479084,-1,True,DEGRADED
TRAIN,105,83,0.338709677,-0.058664055796750436,1,False,DEGRADED
TRAIN,105,84,0.330645161,-0.027173216069072914,1,False,DEGRADED
TRAIN,105,85,0.322580645,-0.024803845648337375,1,False,DEGRADED
TRAIN,105,86,0.314516129,-0.012954487690446825,1,False,DEGRADED
TRAIN,105,87,0.306451613,-0.03255714429757539,1,False,DEGRADED
TRAIN,105,88,0.298387097,-0.030150077524262853,1,False,DEGRADED
TRAIN,105,89,0.290322581,-0.017075037068506882,1,False,DEGRADED
TRAIN,105,90,0.282258065,-0.03612195599485346,1,False,DEGRADED
TRAIN,105,91,0.274193548,-0.0174993677756482,1,False,DEGRADED
TRAIN,105,92,0.266129032,0.05087329208044922,-1,True,DEGRADED
TRAIN,105,93,0.258064516,0.035971574610896395,-1,True,DEGRADED
TRAIN,105,94,0.25,0.018743166853651405,-1,True,DEGRADED
TRAIN,105,95,0.241935484,0.045820478086565974,-1,True,CRITICAL
TRAIN,105,96,0.233870968,0.004086859867182324,-1,True,CRITICAL
TRAIN,105,97,0.225806452,-0.051580812926472985,1,False,CRITICAL
TRAIN,105,98,0.217741935,0.058481090481675935,-1,True,CRITICAL
TRAIN,105,99,0.209677419,0.04958851298654132,-1,True,CRITICAL
TRAIN,105,100,0.201612903,0.05560599173534786,-1,True,CRITICAL
TRAIN,105,101,0.193548387,0.05170533081738948,-1,True,CRITICAL
TRAIN,105,102,0.185483871,0.07129518557456116,-1,True,CRITICAL
TRAIN,105,103,0.177419355,0.04200802986572838,-1,True,CRITICAL
TRAIN,105,104,0.169354839,-0.007900279262820775,1,False,CRITICAL
TRAIN,105,105,0.161290323,0.11806726077624463,-1,True,CRITICAL
TRAIN,105,106,0.153225806,0.1292400439688266,-1,True,CRITICAL
TRAIN,105,107,0.14516129,0.08979585990634986,-1,True,CRITICAL
TRAIN,105,108,0.137096774,0.12146340053078752,-1,True,CRITICAL
TRAIN,105,109,0.129032258,0.06954800823348417,-1,True,CRITICAL
TRAIN,105,110,0.120967742,0.026847235609849918,-1,True,CRITICAL
TRAIN,105,111,0.112903226,0.006176056201512792,-1,True,CRITICAL
TRAIN,105,112,0.10483871,0.1550319029728744,-1,True,CRITICAL
TRAIN,105,113,0.096774194,0.12047629120067704,-1,True,CRITICAL
TRAIN,105,114,0.088709677,0.11771013911852535,-1,True,CRITICAL
TRAIN,105,115,0.080645161,0.10813124668904561,-1,True,CRITICAL
TRAIN,105,116,0.072580645,0.13317913466513842,-1,True,CRITICAL
TRAIN,105,117,0.064516129,0.08093026853211271,-1,True,CRITICAL
TRAIN,105,118,0.056451613,0.05258840853830293,-1,True,CRITICAL
TRAIN,105,119,0.048387097,0.13319086478321962,-1,True,CRITICAL
TRAIN,105,120,0.040322581,0.15719697230261842,-1,True,CRITICAL
TRAIN,105,121,0.032258065,0.12100394505327694,-1,True,CRITICAL
TRAIN,105,122,0.024193548,0.137929153925749,-1,True,CRITICAL
TRAIN,105,123,0.016129032,0.08692826435886503,-1,True,CRITICAL
TRAIN,105,124,0.008064516,0.07285727513679097,-1,True,CRITICAL
TRAIN,105,125,0.0,0.07466715377283106,-1,True,CRITICAL
TEST,2,1,1.0,-0.0750613192339451,1,False,HEALTHY
TEST,2,2,0.979591837,-0.04663718203387518,1,False,HEALTHY
TEST,2,3,0.959183673,-0.01956788933582626,1,False,HEALTHY
TEST,2,4,0.93877551,-0.05291404526719151,1,False,HEALTHY
TEST,2,5,0.918367347,-0.08698821990832828,1,False,HEALTHY
TEST,2,6,0.897959184,-0.07201831786417084,1,False,HEALTHY
TEST,2,7,0.87755102,-0.05171368881075156,1,False,HEALTHY
TEST,2,8,0.857142857,0.023777337897396666,-1,True,HEALTHY
TEST,2,9,0.836734694,-0.0858568567235507,1,False,HEALTHY
TEST,2,10,0.816326531,-0.07195579951540171,1,False,HEALTHY
TEST,2,11,0.795918367,-0.018649339564396294,1,False,HEALTHY
TEST,2,12,0.775510204,-0.00904222976102137,1,False,HEALTHY
TEST,2,13,0.755102041,-0.08345993134767887,1,False,HEALTHY
TEST,2,14,0.734693878,-0.0634305105366148,1,False,EARLY_WEAR
TEST,2,15,0.714285714,-0.05212966927432361,1,False,EARLY_WEAR
TEST,2,16,0.693877551,-0.05773230653769634,1,False,EARLY_WEAR
TEST,2,17,0.673469388,-0.08253814146853189,1,False,EARLY_WEAR
TEST,2,18,0.653061224,-0.09229885132302995,1,False,EARLY_WEAR
TEST,2,19,0.632653061,-0.0108134526252745,1,False,EARLY_WEAR
TEST,2,21,0.591836735,-0.07560105883871421,1,False,EARLY_WEAR
TEST,2,22,0.571428571,-0.08070306903207791,1,False,EARLY_WEAR
TEST,2,23,0.551020408,-0.06543881341539343,1,False,EARLY_WEAR
TEST,2,24,0.530612245,-0.03565167769248162,1,False,EARLY_WEAR
TEST,2,25,0.510204082,-0.06940024753953905,1,False,EARLY_WEAR
TEST,2,26,0.489795918,-0.051601948613660686,1,False,DEGRADED
TEST,2,27,0.469387755,-0.06610878231596701,1,False,DEGRADED
TEST,2,28,0.448979592,-0.04380141451992303,1,False,DEGRADED
TEST,2,29,0.428571429,-0.05602046291766494,1,False,DEGRADED
TEST,2,30,0.408163265,-0.01939392870529849,1,False,DEGRADED
TEST,2,31,0.387755102,-0.02050609223162575,1,False,DEGRADED
TEST,2,34,0.326530612,0.003859607750936467,-1,True,DEGRADED
TEST,2,34,0.326530612,0.010878108514670082,-1,True,DEGRADED
TEST,2,35,0.306122449,-0.005172515905662867,1,False,DEGRADED
TEST,2,36,0.285714286,-0.037313793413945084,1,False,DEGRADED
TEST,2,37,0.265306122,0.03466806940142464,-1,True,DEGRADED
TEST,2,38,0.244897959,0.04450101337567258,-1,True,CRITICAL
TEST,2,39,0.224489796,0.028725801881888335,-1,True,CRITICAL
TEST,2,40,0.204081633,0.004385033239281799,-1,True,CRITICAL
TEST,2,41,0.183673469,0.04848593569310278,-1,True,CRITICAL
TEST,2,42,0.163265306,0.061448791650818624,-1,True,CRITICAL
TEST,2,43,0.142857143,0.056047791839368255,-1,True,CRITICAL
TEST,2,44,0.12244898,0.03561169208303394,-1,True,CRITICAL
TEST,2,45,0.102040816,0.053447156626907355,-1,True,CRITICAL
TEST,2,46,0.081632653,0.06321819870823464,-1,True,CRITICAL
TEST,2,47,0.06122449,0.07388891221209792,-1,True,CRITICAL
TEST,2,48,0.040816327,0.06008431580271778,-1,True,CRITICAL
TEST,2,49,0.020408163,0.055070111515178044,-1,True,CRITICAL
TEST,2,50,0.0,0.043102852633166044,-1,True,CRITICAL
TEST,11,1,0.0,-0.051850357648888845,1,False,CRITICAL
TEST,102,1,1.0,-0.03213072191439309,1,False,HEALTHY
TEST,102,2,0.988095238,-0.0641878312450262,1,False,HEALTHY
TEST,102,3,0.976190476,-0.025171239884018537,1,False,HEALTHY
TEST,102,4,0.964285714,-0.006721659102452482,1,False,HEALTHY
TEST,102,6,0.94047619,-0.06344663036773524,1,False,HEALTHY
TEST,102,7,0.928571429,0.026642611523650772,-1,True,HEALTHY
TEST,102,8,0.916666667,-0.010799866978752182,1,False,HEALTHY
TEST,102,9,0.904761905,-0.04743723409447903,1,False,HEALTHY
TEST,102,10,0.892857143,-0.03182303256245461,1,False,HEALTHY
TEST,102,11,0.880952381,-0.0659462469436708,1,False,HEALTHY
TEST,102,12,0.869047619,-0.05981780481401672,1,False,HEALTHY
TEST,102,13,0.857142857,-0.01630210738262239,1,False,HEALTHY
TEST,102,14,0.845238095,0.0012111574247334889,-1,True,HEALTHY
TEST,102,15,0.833333333,-0.06929377996360303,1,False,HEALTHY
TEST,102,16,0.821428571,-0.05713898511122373,1,False,HEALTHY
TEST,102,17,0.80952381,-0.05153382696532388,1,False,HEALTHY
TEST,102,18,0.797619048,-0.06768218844150775,1,False,HEALTHY
TEST,102,19,0.785714286,-0.06172607036981326,1,False,HEALTHY
TEST,102,20,0.773809524,-0.04378815209531689,1,False,HEALTHY
TEST,102,21,0.761904762,-0.011428859237516076,1,False,HEALTHY
TEST,102,22,0.75,-0.05933114752953439,1,False,HEALTHY
TEST,102,23,0.738095238,-0.04618354910192296,1,False,EARLY_WEAR
TEST,102,24,0.726190476,-0.07399005789813623,1,False,EARLY_WEAR
TEST,102,25,0.714285714,-0.07075845793660401,1,False,EARLY_WEAR
TEST,102,26,0.702380952,-0.009741409150980873,1,False,EARLY_WEAR
TEST,102,27,0.69047619,-0.019169203482558905,1,False,EARLY_WEAR
TEST,102,28,0.678571429,0.06947525292746815,-1,True,EARLY_WEAR
TEST,102,29,0.666666667,-0.0014561364057986692,1,False,EARLY_WEAR
TEST,102,30,0.654761905,-0.05366159096658424,1,False,EARLY_WEAR
TEST,102,31,0.642857143,-0.06225703779522096,1,False,EARLY_WEAR
TEST,102,32,0.630952381,-0.045675262631977465,1,False,EARLY_WEAR
TEST,102,33,0.619047619,-0.0526830641321312,1,False,EARLY_WEAR
TEST,102,34,0.607142857,-0.03927232922454932,1,False,EARLY_WEAR
TEST,102,35,0.595238095,0.03884713428009412,-1,True,EARLY_WEAR
TEST,102,36,0.583333333,-0.041354579814241066,1,False,EARLY_WEAR
TEST,102,37,0.571428571,-0.045172149970983955,1,False,EARLY_WEAR
TEST,102,38,0.55952381,-0.025140526653049222,1,False,EARLY_WEAR
TEST,102,39,0.547619048,-0.05005244048534313,1,False,EARLY_WEAR
TEST,102,40,0.535714286,-0.04074790921141713,1,False,EARLY_WEAR
TEST,102,41,0.523809524,-0.04859225979651821,1,False,EARLY_WEAR
TEST,102,42,0.511904762,-0.0003218428043633148,1,False,EARLY_WEAR
TEST,102,43,0.5,-0.0649210028677546,1,False,EARLY_WEAR
TEST,102,44,0.488095238,-0.03624430192021588,1,False,DEGRADED
TEST,102,45,0.476190476,-0.05656321845742279,1,False,DEGRADED
TEST,102,46,0.464285714,-0.05434057669217568,1,False,DEGRADED
TEST,102,47,0.452380952,-0.04459582462343742,1,False,DEGRADED
TEST,102,48,0.44047619,-0.03175032476968803,1,False,DEGRADED
TEST,102,49,0.428571429,0.06487794316308693,-1,True,DEGRADED
TEST,102,52,0.392857143,-0.03562922850128791,1,False,DEGRADED
TEST,102,53,0.380952381,-0.06827174920915563,1,False,DEGRADED
TEST,102,54,0.369047619,-0.047805885360626243,1,False,DEGRADED
TEST,102,55,0.357142857,-0.03786460489844823,1,False,DEGRADED
TEST,102,56,0.345238095,0.04810521918124666,-1,True,DEGRADED
TEST,102,57,0.333333333,-0.051056121573490765,1,False,DEGRADED
TEST,102,58,0.321428571,-0.033109444835502766,1,False,DEGRADED
TEST,102,59,0.30952381,-0.05135318745834483,1,False,DEGRADED
TEST,102,60,0.297619048,-0.041712348867415205,1,False,DEGRADED
TEST,102,61,0.285714286,-0.058853520052292274,1,False,DEGRADED
TEST,102,62,0.273809524,-0.02741729486514055,1,False,DEGRADED
TEST,102,63,0.261904762,0.031299111174603045,-1,True,DEGRADED
TEST,102,64,0.25,-0.06419528451517409,1,False,DEGRADED
TEST,102,65,0.238095238,-0.032828792766855686,1,False,CRITICAL
TEST,102,66,0.226190476,-0.030302531609746997,1,False,CRITICAL
TEST,102,67,0.214285714,-0.018475804101261484,1,False,CRITICAL
TEST,102,68,0.202380952,-0.06011336801977585,1,False,CRITICAL
TEST,102,69,0.19047619,-0.02758492434373211,1,False,CRITICAL
TEST,102,70,0.178571429,0.028243380900022652,-1,True,CRITICAL
TEST,102,71,0.166666667,0.009020686950108214,-1,True,CRITICAL
TEST,102,72,0.154761905,-0.010303435017378793,1,False,CRITICAL
TEST,102,73,0.142857143,-0.02921965634862328,1,False,CRITICAL
TEST,102,74,0.130952381,-0.02285702688826463,1,False,CRITICAL
TEST,102,75,0.119047619,-0.055627557386480675,1,False,CRITICAL
TEST,102,76,0.107142857,-0.022666437782355997,1,False,CRITICAL
TEST,102,77,0.095238095,-0.0217949328386412,1,False,CRITICAL
TEST,102,78,0.083333333,-0.04948097669752766,1,False,CRITICAL
TEST,102,79,0.071428571,0.08135914821782275,-1,True,CRITICAL
TEST,102,80,0.05952381,-0.013165830059806538,1,False,CRITICAL
TEST,102,81,0.047619048,0.011067692878539814,-1,True,CRITICAL
TEST,102,82,0.035714286,-0.01901945208991218,1,False,CRITICAL
TEST,102,83,0.023809524,-0.021921564457300535,1,False,CRITICAL
TEST,102,84,0.011904762,0.012859610584168624,-1,True,CRITICAL
TEST,102,85,0.0,-0.03309783884494394,1,False,CRITICAL
